transaction,txTime (ms),propagationTime (ms)
0,2070,6
1,5046,5
2,4051,584
3,5045,5
4,5050,4
5,5050,4
6,5043,6
7,5057,6
8,5053,3
9,4053,612
10,5051,7
11,5072,9
12,5074,5
13,5034,3
14,5039,3
15,5037,7
16,4066,591
17,5078,5
18,5043,4
19,5037,4
20,5031,4
21,5042,2
22,5030,4
23,5034,3
24,5035,4
25,4045,590
26,5039,3
27,5035,3
28,5032,3
29,5039,5
30,5041,3
31,5054,4
32,5042,5
33,4076,637
34,5057,3
35,5038,3
36,5034,4
37,5034,3
38,5053,3
39,5029,3
40,5028,2
41,5032,3
42,4043,596
43,5040,4
44,5048,3
45,5026,3
46,5036,3
47,5031,5
48,5039,3
49,5034,4
50,5033,3
51,5032,4
52,4034,617
53,5057,4
54,5035,3
55,5027,3
56,5031,3
57,5063,4
58,5028,4
59,5040,3
60,5031,4
61,4037,623
62,5046,4
63,5057,2
64,5028,3
65,5035,3
66,5033,3
67,5038,3
68,5029,4
69,5040,2
70,5031,5
71,4042,582
72,5042,4
73,5029,6
74,5041,4
75,5046,3
76,5033,3
77,5036,3
78,5038,3
79,5037,3
80,5035,3
81,4042,593
82,5057,3
83,5031,6
84,5059,3
85,5029,3
86,5030,2
87,5036,2
88,5031,3
89,5026,3
90,5037,3
91,4037,600
92,5046,4
93,5031,3
94,5034,3
95,5042,3
96,5036,3
97,5037,2
98,5029,2
99,5031,3
100,5029,2
101,4030,620
102,5065,3
103,5032,6
104,5049,5
105,5052,5
106,5048,5
107,5043,4
108,4061,619
109,5051,4
110,5042,3
111,5031,5
112,5038,4
113,5033,4
114,5056,5
115,5048,3
116,5040,4
117,4033,609
118,5034,5
119,5030,4
120,5050,3
121,5031,3
122,5030,3
123,5033,3
124,5036,3
125,5038,3
126,5035,3
127,4040,589
128,5042,3
129,5037,4
130,5030,3
131,5046,2
132,5032,3
133,5037,3
134,5029,3
135,5030,3
136,5029,3
137,4050,620
138,5037,3
139,5029,6
140,5034,3
141,5034,3
142,5033,3
143,5037,3
144,5042,6
145,5042,3
146,5032,2
147,4029,608
148,5032,4
149,5040,3
150,5029,3
151,5030,3
152,5028,4
153,5030,3
154,5036,3
155,5029,3
156,5034,4
157,5038,3
158,4026,613
159,5027,19
160,5041,3
161,5032,4
162,5089,6
163,5041,4
164,5031,3
165,5029,3
166,5024,3
167,4040,596
168,5037,3
169,5026,7
170,5041,4
171,5043,5
172,5040,6
173,5050,4
174,5041,5
175,5045,7
176,4039,615
177,5044,3
178,5039,5
179,5041,3
180,5038,4
181,5036,3
182,5039,4
183,5035,3
184,5040,3
185,4034,603
186,5044,6
187,5050,6
188,5031,3
189,5028,3
190,5032,2
191,5042,3
192,5031,4
193,5042,3
194,5027,3
195,4046,585
196,5045,3
197,5033,3
198,5030,3
199,5026,2
200,5029,3
201,5029,3
202,5028,2
203,5032,3
204,5028,3
205,5034,3
206,5032,3
207,4030,587
208,5071,3
209,5029,7
210,5031,2
211,5034,3
212,5036,2
213,5034,6
214,5041,2
215,5042,3
216,5025,3
217,4029,606
218,5046,3
219,5030,2
220,5028,3
221,5025,3
222,5031,3
223,5032,3
224,5034,2
225,5028,2
226,5034,3
227,5028,3
228,4049,593
229,5052,2
230,5026,3
231,5030,3
232,5030,3
233,5045,3
234,5025,3
235,5032,2
236,5026,3
237,5032,3
238,5028,3
239,4034,612
240,5034,4
241,5032,3
242,5028,3
243,5035,3
244,5079,2
245,5041,3
246,5030,2
247,5032,3
248,5024,3
249,4031,605
250,5046,2
251,5031,5
252,5040,4
253,5042,4
254,5040,4
255,5045,4
256,5041,5
257,5040,6
258,4044,602
259,5053,3
260,5030,4
261,5039,6
262,5029,4
263,5035,3
264,5030,2
265,5031,3
266,5026,3
267,5036,3
268,5030,12
269,4038,577
270,5053,3
271,5035,3
272,5035,2
273,5030,3
274,5035,3
275,5029,3
276,5039,5
277,5046,3
278,5028,4
279,4035,609
280,5037,3
281,5029,3
282,5025,2
283,5031,2
284,5032,2
285,5031,7
286,5035,3
287,5035,4
288,5029,3
289,5029,3
290,4030,603
291,5036,3
292,5033,3
293,5026,2
294,5032,4
295,5033,2
296,5034,2
297,5030,3
298,5036,3
299,5026,2
300,5025,3
301,5027,3
302,4029,599
303,5053,3
304,5027,3
305,5037,3
306,5031,2
307,5034,3
308,5028,2
309,5031,3
310,5032,3
311,5030,3
312,5026,3
313,4047,603
314,5039,3
315,5034,3
316,5026,3
317,5054,2
318,5028,3
319,5029,3
320,5031,2
321,5035,3
322,5026,3
323,5031,3
324,4034,600
325,5036,3
326,5037,3
327,5028,3
328,5034,3
329,5028,3
330,5034,3
331,5026,3
332,5030,3
333,5033,2
334,5037,3
335,4028,615
336,5039,3
337,5030,3
338,5031,2
339,5026,4
340,5031,3
341,5036,2
342,5034,3
343,5035,3
344,5036,3
345,5043,3
346,4032,620
347,5054,3
348,5033,3
349,5027,3
350,5047,3
351,5031,3
352,5036,4
353,5032,4
354,5034,4
355,4037,634
356,5034,3
357,5032,6
358,5040,3
359,5038,2
360,5027,3
361,5034,3
362,5029,3
363,5033,3
364,5031,3
365,4055,596
366,5048,3
367,5033,3
368,5031,3
369,5050,3
370,5028,2
371,5034,4
372,5050,3
373,5035,2
374,5026,2
375,4036,616
376,5039,6
377,5034,3
378,5039,4
379,5037,3
380,5038,3
381,5031,3
382,5038,3
383,5035,10
384,4072,595
385,5033,3
386,5036,4
387,5080,2
388,5037,2
389,5033,4
390,5031,3
391,5036,2
392,5035,3
393,4045,619
394,5060,2
395,5027,3
396,5034,2
397,5029,2
398,5028,3
399,5032,2
400,5041,3
401,5031,4
402,5038,3
403,4028,613
404,5050,2
405,5026,2
406,5030,3
407,5031,3
408,5035,2
409,5027,2
410,5031,3
411,5032,3
412,5033,3
413,5024,3
414,4040,609
415,5031,2
416,5028,3
417,5047,2
418,5023,3
419,5031,3
420,5029,2
421,5027,2
422,5033,2
423,5029,2
424,5035,2
425,5030,4
426,4047,575
427,5037,3
428,5049,4
429,5031,3
430,5027,3
431,5027,3
432,5030,3
433,5025,3
434,5033,3
435,5034,3
436,5039,3
437,4032,596
438,5045,3
439,5028,2
440,5033,3
441,5031,3
442,5028,3
443,5030,3
444,5034,4
445,5035,3
446,5027,2
447,5034,2
448,5029,2
449,4027,602
450,5045,3
451,5029,3
452,5031,3
453,5025,2
454,5044,4
455,5036,3
456,5032,3
457,5026,2
458,5032,3
459,5032,3
460,4082,562
461,5029,4
462,5029,6
463,5031,3
464,5033,4
465,5034,3
466,5033,2
467,5035,3
468,5034,2
469,5031,2
470,4047,610
471,5046,3
472,5031,3
473,5046,2
474,5028,4
475,5038,3
476,5031,2
477,5027,3
478,5032,3
479,5028,3
480,5039,2
481,4025,619
482,5031,3
483,5041,2
484,5025,2
485,5045,3
486,5032,3
487,5032,3
488,5029,3
489,5031,3
490,5026,2
491,5034,5
492,4031,600
493,5051,3
494,5034,2
495,5028,3
496,5031,3
497,5029,3
498,5049,2
499,5028,3
500,5034,2
501,5026,3
502,5035,3
503,4029,595
504,5044,3
505,5027,6
506,5029,3
507,5035,2
508,5036,3
509,5059,3
510,5028,2
511,5048,3
512,5027,2
513,4030,622
514,5030,7
515,5088,3
516,5033,3
517,5030,3
518,5025,3
519,5035,2
520,5032,3
521,5034,2
522,5026,3
523,4031,581
524,5048,3
525,5031,3
526,5038,3
527,5032,3
528,5032,3
529,5031,2
530,5053,2
531,5027,3
532,5033,3
533,5029,3
534,4030,592
535,5029,3
536,5034,2
537,5026,3
538,5033,3
539,5030,3
540,5049,2
541,5030,3
542,5032,2
543,5028,3
544,5031,3
545,4026,620
546,5035,3
547,4756,208
548,5032,2
549,5038,3
550,5033,4
551,5031,4
552,5032,3
553,5028,3
554,5032,3
555,5026,3
556,5037,3
557,5026,4
558,4051,605
559,5057,10
560,5038,3
561,5030,3
562,5032,3
563,5036,4
564,5031,10
565,5032,3
566,5030,2
567,5033,3
568,4035,607
569,5060,3
570,5032,3
571,5032,4
572,5035,2
573,5028,2
574,5029,3
575,5031,3
576,5033,4
577,5032,3
578,4040,609
579,5033,6
580,5027,3
581,5038,2
582,5030,4
583,5032,3
584,5030,3
585,5033,3
586,5027,2
587,5032,4
588,5027,3
589,5031,2
590,4028,600
591,5049,3
592,5034,2
593,5030,3
594,5048,5
595,5045,3
596,5034,4
597,5031,3
598,5034,2
599,5028,2
600,4032,590
601,5040,3
602,5031,4
603,5030,4
604,5032,3
605,5028,3
606,5028,2
607,5027,2
608,5036,3
609,5027,2
610,5046,3
611,4033,620
612,5044,4
613,5038,3
614,5031,3
615,5026,4
616,5052,2
617,5030,3
618,5027,3
619,5027,3
620,5030,3
621,5033,2
622,4032,597
623,5052,2
624,5031,3
625,5032,2
626,5029,2
627,5029,3
628,5026,4
629,5032,3
630,5030,2
631,5044,2
632,5033,3
633,4026,600
634,5039,2
635,5026,3
636,5050,3
637,5026,2
638,5030,3
639,5036,2
640,5033,3
641,5030,3
642,5029,2
643,5028,3
644,4033,625
645,5075,3
646,5030,3
647,5029,2
648,5029,3
649,5028,3
650,5032,3
651,5034,3
652,5033,5
653,4362,316
654,5034,4
655,5036,3
656,5027,3
657,5043,3
658,5029,2
659,5030,3
660,5030,3
661,5025,3
662,5032,2
663,5034,3
664,4029,601
665,5036,4
666,5035,2
667,5036,3
668,5028,3
669,5038,3
670,5032,9
671,5042,3
672,5031,2
673,5031,3
674,5034,3
675,4024,612
676,5040,3
677,5033,6
678,5030,2
679,5037,3
680,5028,3
681,5036,3
682,5029,3
683,5048,3
684,5028,2
685,5030,2
686,4033,598
687,5028,3
688,5034,2
689,5029,3
690,5033,2
691,5025,3
692,5032,2
693,5038,4
694,5052,3
695,5048,3
696,4028,626
697,5037,3
698,5045,3
699,5031,3
700,5035,3
701,5028,3
702,5031,3
703,5031,2
704,5030,4
705,5028,2
706,5032,2
707,4024,607
708,5050,3
709,5027,3
710,5034,3
711,5026,3
712,5048,15
713,5026,3
714,5030,6
715,5027,3
716,5029,4
717,4038,614
718,5036,3
719,5029,4
720,5035,3
721,5031,2
722,5034,5
723,5033,3
724,5027,3
725,5027,3
726,5064,3
727,5030,3
728,4029,604
729,5047,11
730,5060,3
731,5029,3
732,5047,4
733,5035,3
734,5030,3
735,5029,2
736,5034,3
737,4032,612
738,5035,3
739,5033,3
740,5036,3
741,5033,3
742,5031,3
743,5037,2
744,5026,3
745,5034,2
746,5030,2
747,5041,4
748,4034,590
749,5041,3
750,5027,3
751,5043,2
752,5027,3
753,5034,2
754,5032,3
755,5030,3
756,5036,3
757,5026,3
758,5037,3
759,4031,615
760,5034,2
761,5029,4
762,5036,3
763,5027,3
764,5031,3
765,5034,3
766,5032,2
767,5038,2
768,5026,3
769,5041,4
770,4037,594
771,5032,2
772,5036,3
773,5033,3
774,5029,3
775,5033,3
776,5035,3
777,5034,3
778,5030,2
779,5049,3
780,5032,3
781,4030,603
782,5041,3
783,5027,3
784,5035,2
785,5028,3
786,5032,3
787,5031,3
788,5032,3
789,5028,3
790,5036,2
791,5025,3
792,4034,626
793,5036,2
794,5051,4
795,5030,3
796,5031,3
797,5030,3
798,5030,3
799,5029,3
800,5027,3
801,5029,2
802,5038,3
803,4033,599
804,5041,2
805,5033,3
806,5040,2
807,5047,3
808,5027,3
809,5031,3
810,5034,3
811,5036,2
812,5025,3
813,5036,2
814,4023,604
815,5036,3
816,5026,6
817,5068,3
818,5033,4
819,5033,2
820,5025,3
821,5033,4
822,5046,3
823,5031,2
824,4032,601
825,5037,3
826,5030,4
827,5036,3
828,5035,3
829,5031,2
830,5027,3
831,5026,2
832,5032,3
833,5026,3
834,5043,3
835,4027,610
836,5038,2
837,5028,3
838,5063,3
839,5036,2
840,5032,3
841,5027,3
842,5033,3
843,5035,3
844,5031,3
845,4034,612
846,5052,2
847,5033,210
848,5033,3
849,5034,6
850,4033,605
851,5062,2
852,5029,3
853,5034,4
854,5025,2
855,5033,3
856,5028,3
857,5029,4
858,5039,2
859,5037,2
860,4031,615
861,5035,4
862,5026,2
863,5037,3
864,5029,3
865,5051,2
866,5029,2
867,5030,3
868,5029,3
869,5033,4
870,5034,3
871,4029,605
872,5052,2
873,5024,3
874,5035,3
875,5026,3
876,5031,4
877,5028,2
878,5027,3
879,5034,2
880,5046,3
881,5028,3
882,4033,614
883,5033,3
884,5029,4
885,5048,2
886,5026,3
887,5031,3
888,5039,3
889,5036,3
890,5027,3
891,5031,3
892,5030,3
893,4031,597
894,5044,3
895,5032,3
896,5027,4
897,5036,3
898,5024,3
899,5033,3
900,5029,3
901,5031,3
902,5029,2
903,5025,3
904,5031,3
905,4027,598
906,5034,2
907,5030,5
908,5035,2
909,5031,3
910,5024,3
911,5030,3
912,5028,3
913,5027,2
914,5030,3
915,5028,3
916,5033,6
917,4033,596
918,5031,3
919,5026,3
920,5027,3
921,5038,3
922,5029,2
923,5029,2
924,5028,4
925,5073,3
926,5027,3
927,4043,638
928,5070,3
929,5030,3
930,5028,4
931,5032,3
932,5033,2
933,5028,2
934,5029,3
935,5033,3
936,5032,5
937,4040,604
938,5032,2
939,5027,3
940,5030,3
941,5042,3
942,5029,3
943,5034,3
944,5032,3
945,5036,8
946,5052,3
947,4049,602
948,5037,3
949,5036,3
950,5029,4
951,5027,3
952,5035,2
953,5031,3
954,5051,3
955,5027,2
956,5030,3
957,5028,4
958,4033,602
959,5045,3
960,5032,3
961,5025,3
962,5028,3
963,5021,2
964,5025,3
965,5026,3
966,5031,4
967,5029,2
968,5044,3
969,5031,3
970,4030,604
971,5033,3
972,5026,3
973,5028,3
974,5027,2
975,5037,3
976,5027,3
977,5030,3
978,5025,3
979,5037,2
980,5023,3
981,5035,4
982,4025,603
983,5037,10
984,5038,2
985,5069,24
986,5067,2
987,5042,4
988,5041,2
989,4055,613
990,5046,3
991,5032,3
992,5027,4
993,5044,2
994,5031,4
995,5039,4
996,5034,3
997,5032,2
998,5027,3
999,4033,630
1000,5031,2
1001,5026,3
1002,5038,3
1003,5034,3
1004,5030,2
1005,5034,2
1006,5026,3
1007,5042,3
1008,5028,3
1009,4050,612
1010,5047,2
1011,5024,3
1012,5039,3
1013,5032,3
1014,5028,3
1015,5030,3
1016,5025,4
1017,5035,4
1018,5026,3
1019,5033,3
1020,5028,3
1021,4045,585
1022,5042,3
1023,5026,2
1024,5050,3
1025,5027,3
1026,5029,2
1027,5027,2
1028,5030,3
1029,5030,3
1030,5034,2
1031,5030,2
1032,4033,626
1033,5052,3
1034,5027,2
1035,5029,3
1036,5029,2
1037,5030,12
1038,5030,2
1039,5028,5
1040,5032,2
1041,5028,3
1042,5032,3
1043,4027,609
1044,5033,2
1045,5029,7
1046,5030,4
1047,5031,4
1048,5037,3
1049,5049,3
1050,5029,3
1051,5033,3
1052,5026,3
1053,5033,2
1054,4027,602
1055,5042,3
1056,5028,3
1057,5031,2
1058,5032,2
1059,4559,300
1060,5114,3
1061,5028,3
1062,5034,3
1063,5030,3
1064,5052,9
1065,5033,3
1066,5030,2
1067,4027,633
1068,5040,3
1069,5033,3
1070,5030,2
1071,5040,3
1072,5032,3
1073,5030,3
1074,5035,3
1075,5029,3
1076,5041,3
1077,4031,611
1078,5034,3
1079,5036,3
1080,5028,3
1081,5034,3
1082,5030,2
1083,5033,3
1084,5032,2
1085,5028,2
1086,5026,3
1087,5034,3
1088,5030,2
1089,4044,602
1090,5046,2
1091,5034,2
1092,5028,3
1093,5044,3
1094,5030,3
1095,5028,3
1096,5023,3
1097,5034,3
1098,5030,3
1099,5030,3
1100,4030,616
1101,5107,4
1102,5036,3
1103,5034,2
1104,5029,2
1105,5033,3
1106,5028,2
1107,5045,3
1108,4030,615
1109,5036,5
1110,5038,2
1111,5033,3
1112,5033,3
1113,5037,3
1114,5033,3
1115,5035,2
1116,5029,3
1117,5032,3
1118,5024,4
1119,4031,618
1120,5041,4
1121,5058,2
1122,5029,3
1123,5034,2
1124,5028,3
1125,4413,368
1126,5043,3
1127,5027,3
1128,5046,2
1129,5025,2
1130,5031,2
1131,5032,2
1132,5032,2
1133,5029,3
1134,5030,2
1135,5030,3
1136,4027,624
1137,5034,3
1138,5037,2
1139,5032,3
1140,5034,2
1141,5028,3
1142,5028,3
1143,5026,3
1144,5033,3
1145,5030,2
1146,5033,3
1147,5028,2
1148,4028,596
1149,5054,4
1150,5034,2
1151,5026,3
1152,5035,3
1153,5028,3
1154,5033,3
1155,5037,3
1156,5034,2
1157,5048,3
1158,4029,606
1159,5047,4
1160,5038,3
1161,5035,3
1162,5035,2
1163,5051,2
1164,5027,3
1165,5030,3
1166,5022,3
1167,5037,5
1168,4035,625
1169,5076,6
1170,5046,9
1171,5035,2
1172,5026,3
1173,5031,3
1174,5031,3
1175,5034,3
1176,5028,3
1177,4035,605
1178,5052,3
1179,5038,2
1180,5028,3
1181,5031,3
1182,5025,3
1183,5043,3
1184,5031,3
1185,5029,3
1186,5026,4
1187,5029,3
1188,4028,625
1189,5037,3
1190,5037,3
1191,5027,2
1192,5029,2
1193,5030,2
1194,5027,3
1195,5033,3
1196,5028,3
1197,5030,2
1198,5027,4
1199,4047,612
1200,5053,2
1201,5033,2
1202,5032,4
1203,5031,3
1204,5038,10
1205,5051,3
1206,5026,3
1207,5034,2
1208,5030,3
1209,4032,597
1210,5034,3
1211,5033,3
1212,5033,2
1213,5028,3
1214,5046,3
1215,5032,3
1216,5036,3
1217,5027,2
1218,5030,3
1219,5029,3
1220,4031,622
1221,5064,3
1222,5032,3
1223,5044,3
1224,5027,4
1225,5028,3
1226,5030,3
1227,5036,2
1228,5029,3
1229,5030,2
1230,4026,610
1231,5028,3
1232,5031,3
1233,5029,3
1234,5039,2
1235,5026,3
1236,5031,3
1237,5032,3
1238,5032,3
1239,5031,3
1240,5044,409
1241,4030,206
1242,5034,2
1243,5031,2
1244,5034,3
1245,5028,2
1246,5043,2
1247,5028,2
1248,5029,3
1249,5027,3
1250,5036,3
1251,5030,2
1252,5034,2
1253,4021,607
1254,5039,3
1255,5033,3
1256,5024,2
1257,5048,3
1258,5029,3
1259,5033,2
1260,5029,2
1261,5034,2
1262,5028,3
1263,5031,3
1264,4024,621
1265,5045,5
1266,5035,3
1267,5052,4
1268,5027,3
1269,5035,3
1270,5028,3
1271,5029,3
1272,5027,2
1273,5032,3
1274,5029,2
1275,4033,597
1276,5028,3
1277,5051,3
1278,5034,3
1279,5031,3
1280,5025,3
1281,5036,3
1282,5028,3
1283,5027,3
1284,5029,3
1285,5036,3
1286,4024,609
1287,5031,3
1288,5058,5
1289,5049,7
1290,5046,5
1291,5041,4
1292,5028,5
1293,5030,2
1294,5030,2
1295,5025,2
1296,4029,595
1297,5038,3
1298,5034,3
1299,5037,3
1300,5057,2
1301,5026,2
1302,5030,3
1303,5024,2
1304,5028,3
1305,5028,2
1306,5032,3
1307,4028,612
1308,5034,3
1309,5030,3
1310,5025,3
1311,5032,3
1312,5024,3
1313,5033,6
1314,5036,3
1315,5026,3
1316,5027,2
1317,5029,2
1318,5024,3
1319,4029,618
1320,5035,3
1321,5026,3
1322,5030,2
1323,5028,3
1324,5033,3
1325,5026,2
1326,5032,7
1327,5028,2
1328,5027,4
1329,5024,3
1330,5027,3
1331,4025,618
1332,5040,2
1333,5028,6
1334,5028,2
1335,5033,2
1336,5024,3
1337,5034,2
1338,5024,2
1339,5043,2
1340,5024,4
1341,5032,5
1342,4038,616
1343,5046,3
1344,5029,3
1345,5046,3
1346,5033,4
1347,5028,3
1348,5032,2
1349,5029,3
1350,5029,3
1351,5025,2
1352,5030,3
1353,4029,602
1354,5032,2
1355,5032,3
1356,5041,2
1357,5033,3
1358,5029,2
1359,5026,3
1360,5033,3
1361,5032,3
1362,5038,2
1363,5027,2
1364,5030,2
1365,4031,587
1366,5042,3
1367,5034,3
1368,5033,4
1369,5028,3
1370,5031,3
1371,5046,3
1372,5023,2
1373,5026,2
1374,5027,2
1375,5035,2
1376,5022,2
1377,4030,587
1378,5042,4
1379,5033,8
1380,5028,3
1381,5036,4
1382,5037,3
1383,5032,3
1384,5031,3
1385,5048,2
1386,5026,2
1387,5027,3
1388,4026,594
1389,5044,3
1390,5027,2
1391,5029,3
1392,5027,3
1393,5035,3
1394,5026,3
1395,5046,2
1396,5026,3
1397,5028,2
1398,5029,3
1399,5032,2
1400,4026,609
1401,5046,3
1402,5031,3
1403,5029,3
1404,5028,2
1405,5029,3
1406,5039,5
1407,5031,3
1408,5033,3
1409,5040,3
1410,5028,2
1411,4032,604
1412,5026,3
1413,5029,2
1414,5040,2
1415,5027,3
1416,5028,3
1417,5029,4
1418,5033,2
1419,5027,3
1420,5032,3
1421,5029,2
1422,5034,2
1423,4026,596
1424,5040,3
1425,5029,3
1426,5028,3
1427,5025,2
1428,5031,4
1429,5038,4
1430,5043,3
1431,5030,2
1432,5025,2
1433,5027,3
1434,5029,2
1435,4026,599
1436,5028,3
1437,5028,3
1438,5029,3
1439,5022,2
1440,5031,3
1441,5027,3
1442,5033,2
1443,5028,2
1444,5029,3
1445,5028,2
1446,5027,2
1447,5030,3
1448,4026,619
1449,5033,3
1450,5025,3
1451,5025,2
1452,5030,2
1453,5032,4
1454,5033,3
1455,5029,2
1456,5031,2
1457,5029,3
1458,5033,3
1459,5026,3
1460,4029,607
1461,5031,2
1462,5031,2
1463,5030,3
1464,5023,4
1465,5039,3
1466,5033,3
1467,5044,3
1468,5032,3
1469,5048,3
1470,4033,622
1471,5042,3
1472,5045,2
1473,5028,3
1474,5050,3
1475,5040,3
1476,5033,3
1477,5028,3
1478,5034,3
1479,5026,3
1480,4035,618
1481,5041,2
1482,5037,3
1483,5030,3
1484,5035,3
1485,5030,3
1486,5037,16
1487,5030,3
1488,5030,6
1489,5033,2
1490,4036,608
1491,5029,3
1492,5049,2
1493,5033,2
1494,5030,2
1495,5029,3
1496,5042,2
1497,5033,4
1498,5033,4
1499,5043,2
1500,4033,624
1501,5067,3
1502,5027,3
1503,5029,3
1504,5026,3
1505,5031,3
1506,5029,2
1507,5031,3
1508,5025,3
1509,5029,3
1510,5025,3
1511,4042,590
1512,5047,3
1513,5027,2
1514,5034,2
1515,5027,3
1516,5052,2
1517,5029,2
1518,5030,2
1519,5028,3
1520,5037,3
1521,5028,3
1522,4030,620
1523,5032,3
1524,5024,5
1525,5028,3
1526,5032,3
1527,5028,2
1528,5031,2
1529,5029,3
1530,5045,4
1531,5035,3
1532,5031,4
1533,4028,620
1534,5038,3
1535,5030,3
1536,5025,3
1537,5028,2
1538,5024,3
1539,5033,2
1540,5029,2
1541,5042,3
1542,5027,3
1543,5044,3
1544,4026,615
1545,5032,3
1546,5036,2
1547,5026,3
1548,5050,3
1549,5029,3
1550,5034,2
1551,5035,2
1552,5032,3
1553,5025,2
1554,5030,4
1555,4031,606
1556,5032,2
1557,5029,3
1558,5033,3
1559,5023,3
1560,5039,8
1561,5032,3
1562,5034,6
1563,5035,3
1564,5030,2
1565,5026,3
1566,4033,616
1567,5036,2
1568,5026,6
1569,5029,3
1570,5030,2
1571,5030,3
1572,5043,2
1573,5026,3
1574,5030,3
1575,5029,3
1576,5030,2
1577,5025,2
1578,4029,606
1579,5039,3
1580,5038,2
1581,5033,2
1582,5026,3
1583,5025,2
1584,5035,2
1585,5025,2
1586,5030,2
1587,5030,3
1588,5037,2
1589,5026,2
1590,4028,631
1591,5030,2
1592,5028,3
1593,5036,2
1594,5031,3
1595,5027,2
1596,5031,3
1597,5025,3
1598,5035,3
1599,5030,2
1600,5043,3
1601,4023,593
1602,5051,16
1603,5028,2
1604,5025,5
1605,5028,3
1606,5029,3
1607,5025,3
1608,5038,2
1609,5031,2
1610,5038,3
1611,5027,3
1612,4045,604
1613,5035,3
1614,5028,3
1615,5027,3
1616,5046,3
1617,5023,3
1618,5031,3
1619,5027,2
1620,5036,3
1621,5036,2
1622,5032,3
1623,4028,613
1624,5039,2
1625,5032,3
1626,5034,3
1627,5026,2
1628,5026,3
1629,5040,3
1630,5027,3
1631,5031,4
1632,5028,3
1633,5037,3
1634,5021,3
1635,4031,592
1636,5039,3
1637,5023,3
1638,5031,2
1639,5029,3
1640,5029,2
1641,5025,2
1642,5046,3
1643,5027,2
1644,5027,3
1645,5030,3
1646,5031,3
1647,4028,598
1648,5031,2
1649,5031,2
1650,5032,4
1651,5029,3
1652,5030,3
1653,5029,3
1654,5031,3
1655,5027,2
1656,5045,2
1657,5030,3
1658,5028,3
1659,4025,620
1660,5046,3
1661,5030,2
1662,5029,3
1663,5028,3
1664,5029,2
1665,5034,3
1666,5024,2
1667,5031,4
1668,5026,3
1669,5051,112
1670,4039,486
1671,5055,3
1672,5037,3
1673,5045,2
1674,5026,3
1675,5029,4
1676,5028,3
1677,5032,3
1678,5029,3
1679,5030,3
1680,5029,3
1681,4032,590
1682,5050,3
1683,5028,6
1684,5031,3
1685,5033,2
1686,5025,2
1687,5029,3
1688,5034,3
1689,5025,3
1690,5032,2
1691,5027,4
1692,4032,623
1693,5042,3
1694,5032,3
1695,5029,3
1696,5027,3
1697,5033,3
1698,5027,3
1699,5031,3
1700,5040,2
1701,5026,3
1702,5037,2
1703,4028,612
1704,5043,3
1705,5032,3
1706,5026,2
1707,5031,2
1708,5030,2
1709,5048,3
1710,5024,2
1711,5035,2
1712,5021,3
1713,5028,2
1714,5024,3
1715,4029,606
1716,5030,2
1717,5027,3
1718,5032,2
1719,5045,2
1720,5027,2
1721,5033,3
1722,5025,5
1723,5033,2
1724,5028,3
1725,5032,3
1726,5034,2
1727,4034,605
1728,5035,2
1729,5032,3
1730,5029,2
1731,5032,3
1732,5032,2
1733,5028,2
1734,5035,2
1735,5025,3
1736,5030,3
1737,5028,3
1738,4028,644
1739,5033,2
1740,5028,4
1741,5028,3
1742,5033,4
1743,5025,2
1744,5029,3
1745,5027,3
1746,5031,2
1747,5042,13
1748,4057,605
1749,5035,3
1750,5028,2
1751,5044,3
1752,5029,3
1753,5025,3
1754,5031,3
1755,5036,3
1756,5030,3
1757,5026,2
1758,5032,3
1759,5029,3
1760,4041,578
1761,5032,2
1762,5043,4
1763,5032,3
1764,5028,3
1765,5030,2
1766,5031,2
1767,5026,3
1768,5027,3
1769,5028,4
1770,5033,2
1771,5023,3
1772,4043,591
1773,5037,2
1774,5025,3
1775,5043,3
1776,5024,2
1777,5031,2
1778,5034,3
1779,5025,3
1780,5033,3
1781,5026,3
1782,5030,2
1783,5022,3
1784,4041,608
1785,5033,3
1786,5031,2
1787,5025,3
1788,5038,3
1789,5028,2
1790,5031,3
1791,5022,3
1792,5031,3
1793,5026,3
1794,5027,2
1795,5030,2
1796,4030,632
1797,5046,2
1798,5030,2
1799,5026,2
1800,5036,3
1801,5032,3
1802,5030,5
1803,5042,4
1804,5040,3
1805,5030,2
1806,4031,601
1807,5045,2
1808,5026,2
1809,5032,3
1810,5029,3
1811,5029,3
1812,5026,2
1813,5030,3
1814,5025,2
1815,5028,2
1816,5027,3
1817,5025,3
1818,5034,3
1819,4023,592
1820,5043,2
1821,5026,3
1822,5036,3
1823,5028,3
1824,5036,2
1825,5049,2
1826,5024,3
1827,5027,3
1828,5025,3
1829,5036,2
1830,5024,4
1831,4029,584
1832,5042,6
1833,5031,3
1834,5026,3
1835,5026,3
1836,5034,3
1837,5025,6
1838,5039,3
1839,5030,3
1840,5034,2
1841,5030,3
1842,5026,3
1843,4030,603
1844,5028,2
1845,5035,3
1846,5026,3
1847,5030,3
1848,5027,3
1849,5031,2
1850,5026,2
1851,5029,3
1852,5025,2
1853,5052,2
1854,5029,3
1855,4027,591
1856,5036,3
1857,5038,3
1858,5026,2
1859,5027,3
1860,5027,3
1861,5037,3
1862,5030,2
1863,5034,2
1864,5026,3
1865,5031,2
1866,5024,2
1867,4031,606
1868,5050,3
1869,5029,2
1870,5030,3
1871,5026,3
1872,5029,3
1873,5024,2
1874,5027,3
1875,5028,3
1876,5030,3
1877,5026,2
1878,5043,2
1879,4023,597
1880,5034,2
1881,5027,3
1882,5031,3
1883,5027,2
1884,5031,3
1885,5023,3
1886,5032,2
1887,5026,3
1888,5031,3
1889,5029,2
1890,5043,2
1891,4025,602
1892,5056,2
1893,4431,519
1894,5046,3
1895,5024,3
1896,5027,3
1897,5026,3
1898,5024,3
1899,5026,3
1900,5028,2
1901,5031,2
1902,5025,4
1903,5035,2
1904,5025,2
1905,4029,623
1906,5033,6
1907,5234,111
1908,4041,572
1909,5034,3
1910,5030,2
1911,5041,3
1912,5028,2
1913,5032,4
1914,5030,3
1915,5031,3
1916,5030,2
1917,5031,2
1918,5028,3
1919,5033,3
1920,4031,582
1921,5038,3
1922,5034,3
1923,5025,3
1924,5029,3
1925,5032,3
1926,5029,2
1927,5029,3
1928,5035,3
1929,5027,3
1930,5031,3
1931,5026,3
1932,4033,605
1933,5039,3
1934,5026,3
1935,5031,3
1936,5025,3
1937,5050,3
1938,5029,2
1939,5028,3
1940,5032,3
1941,5027,3
1942,5027,2
1943,5033,3
1944,4028,591
1945,5038,3
1946,5032,6
1947,5030,3
1948,5028,2
1949,5027,2
1950,5031,2
1951,5023,14
1952,5030,3
1953,5033,7
1954,5031,2
1955,4036,620
1956,5039,5
1957,5030,2
1958,5031,4
1959,5027,2
1960,5040,3
1961,5027,3
1962,5031,3
1963,5024,6
1964,5061,2
1965,5028,3
1966,4031,584
1967,5037,3
1968,5045,3
1969,5035,2
1970,5034,3
1971,5029,2
1972,5028,3
1973,5025,2
1974,5027,3
1975,5029,2
1976,5031,2
1977,5029,3
1978,4042,582
1979,5037,3
1980,5030,3
1981,5025,3
1982,5044,3
1983,5029,2
1984,5030,3
1985,5024,2
1986,5030,3
1987,5023,3
1988,5030,2
1989,5024,2
1990,4030,621
1991,5035,2
1992,5026,2
1993,5026,2
1994,5028,3
1995,5042,2
1996,5027,2
1997,5026,3
1998,5025,2
1999,5031,3
2000,5027,3
2001,5032,3
2002,4026,617
2003,5035,6
2004,5027,3
2005,5035,3
2006,5025,3
2007,5032,2
2008,5028,3
2009,5027,2
2010,5026,2
2011,5032,2
2012,5026,3
2013,5033,3
2014,4027,601
2015,5029,2
2016,5032,2
2017,5023,3
2018,5041,2
2019,5025,3
2020,5028,2
2021,5027,3
2022,5037,3
2023,5024,3
2024,5029,3
2025,5025,2
2026,5028,3
2027,4027,607
2028,5049,6
2029,5089,4
2030,5037,3
2031,5036,4
2032,5035,3
2033,5039,3
2034,5025,2
2035,5031,3
2036,4033,594
2037,5051,2
2038,5053,49
2039,5035,3
2040,5028,3
2041,5025,3
2042,5031,3
2043,5024,4
2044,5033,3
2045,4028,628
2046,5034,3
2047,5028,3
2048,5029,2
2049,5031,3
2050,5027,2
2051,5031,3
2052,5025,3
2053,5033,13
2054,5030,3
2055,5025,5
2056,5030,3
2057,4030,585
2058,5034,2
2059,5034,3
2060,5032,3
2061,5030,3
2062,5027,3
2063,5025,3
2064,5030,3
2065,5028,3
2066,5044,3
2067,5028,3
2068,5028,3
2069,4026,595
2070,5033,3
2071,5033,3
2072,5027,2
2073,5037,3
2074,5025,2
2075,5030,2
2076,5024,2
2077,5035,3
2078,5028,2
2079,5031,3
2080,5026,2
2081,5027,3
2082,4029,589
2083,5055,112
2084,5051,7
2085,5028,2
2086,5041,3
2087,5023,2
2088,5030,3
2089,4025,621
2090,5042,2
2091,5030,3
2092,5030,2
2093,5033,2
2094,5028,2
2095,5033,2
2096,5025,3
2097,5032,2
2098,5027,3
2099,5048,2
2100,4906,347
2101,4030,353
2102,5040,3
2103,5025,7
2104,5029,2
2105,5033,3
2106,5028,3
2107,5042,2
2108,5027,2
2109,5025,2
2110,5033,5
2111,5035,3
2112,5025,3
2113,4030,592
2114,5040,3
2115,5035,3
2116,5029,2
2117,5026,3
2118,5024,2
2119,5027,3
2120,5333,2
2121,4302,178
2122,5036,3
2123,5028,3
2124,5032,3
2125,5152,2
2126,5097,3
2127,4045,580
2128,5037,3
2129,5039,5
2130,5038,6
2131,5051,3
2132,5037,6
2133,5038,4
2134,5037,4
2135,5037,4
2136,4051,599
2137,5047,6
2138,5041,4
2139,5522,132
2140,4047,199
2141,5047,3
2142,5032,2
2143,5028,3
2144,5047,3
2145,5034,4
2146,5028,3
2147,5031,4
2148,4188,544
2149,5037,3
2150,5026,4
2151,5048,3
2152,5030,2
2153,5031,3
2154,5023,4
2155,5032,3
2156,5030,2
2157,5029,3
2158,5033,3
2159,4045,597
2160,5040,218
2161,5031,2
2162,5029,3
2163,5028,3
2164,4033,622
2165,5034,4
2166,5037,2
2167,5031,3
2168,5036,3
2169,5026,2
2170,5027,2
2171,5024,2
2172,5031,2
2173,5030,3
2174,5027,2
2175,5028,2
2176,4031,609
2177,5041,3
2178,5027,4
2179,5027,2
2180,5042,3
2181,5028,2
2182,5031,2
2183,5025,3
2184,5026,3
2185,5025,2
2186,5034,3
2187,5024,2
2188,4031,599
2189,5032,2
2190,5037,2
2191,5028,3
2192,5046,3
2193,5025,3
2194,5030,3
2195,5027,2
2196,5029,3
2197,5027,2
2198,5031,3
2199,5024,3
2200,4030,610
2201,5030,2
2202,5027,3
2203,5040,3
2204,5029,2
2205,5032,2
2206,5028,3
2207,5027,2
2208,5026,3
2209,5031,3
2210,5026,3
2211,5030,3
2212,4024,602
2213,5035,3
2214,5033,3
2215,5041,2
2216,5026,2
2217,5028,3
2218,5024,3
2219,5031,2
2220,5025,3
2221,5028,3
2222,5026,2
2223,5038,3
2224,4026,612
2225,5032,3
2226,5024,5
2227,5037,4
2228,5046,5
2229,5039,7
2230,5041,6
2231,5040,4
2232,5036,5
2233,5043,3
2234,4047,582
2235,5044,3
2236,5032,3
2237,5035,4
2238,5028,3
2239,5036,3
2240,5033,3
2241,5050,2
2242,5027,3
2243,5035,3
2244,4028,616
2245,5036,10
2246,5035,2
2247,5026,2
2248,5031,3
2249,5034,5
2250,5049,3
2251,5038,2
2252,5031,2
2253,5033,3
2254,5029,2
2255,4046,599
2256,5039,3
2257,5023,2
2258,5031,5
2259,5038,3
2260,5027,4
2261,5029,3
2262,5026,3
2263,5030,3
2264,5031,3
2265,4050,614
2266,5047,3
2267,5048,2
2268,5024,3
2269,5027,3
2270,5024,3
2271,5032,3
2272,5027,3
2273,5034,2
2274,5026,2
2275,5030,3
2276,5025,3
2277,4041,583
2278,5031,3
2279,5039,3
2280,5025,3
2281,5030,4
2282,5039,3
2283,5033,5
2284,5041,6
2285,5044,4
2286,5040,5
2287,4031,607
2288,5041,3
2289,5037,4
2290,5035,3
2291,5033,3
2292,5030,4
2293,5027,3
2294,5035,3
2295,5048,3
2296,5028,4
2297,4038,616
2298,5037,14
2299,5029,3
2300,5026,6
2301,5027,2
2302,5027,3
2303,5029,2
2304,5034,3
2305,5030,3
2306,5035,4
2307,5040,3
2308,4041,603
2309,5032,3
2310,5025,2
2311,5043,2
2312,5029,2
2313,5027,2
2314,5031,2
2315,5031,3
2316,5028,2
2317,5036,2
2318,5028,2
2319,5033,3
2320,4027,593
2321,5042,3
2322,5027,3
2323,5038,3
2324,5025,2
2325,5026,3
2326,5024,3
2327,5028,2
2328,5025,3
2329,5032,3
2330,5027,2
2331,5031,2
2332,5030,2
2333,4040,582
2334,5038,3
2335,5026,2
2336,5041,4
2337,5026,2
2338,5025,3
2339,5024,2
2340,5029,3
2341,5030,3
2342,5027,2
2343,5033,3
2344,5026,3
2345,4044,597
2346,5036,7
2347,5069,2
2348,5023,2
2349,5033,3
2350,5025,2
2351,5029,2
2352,5028,3
2353,5029,2
2354,5025,2
2355,5034,3
2356,4030,602
2357,5034,3
2358,5027,3
2359,5038,3
2360,5026,3
2361,5032,2
2362,5027,2
2363,5034,2
2364,5041,3
2365,5032,2
2366,5033,3
2367,4029,609
2368,5041,2
2369,5026,3
2370,5028,3
2371,5034,3
2372,5035,3
2373,5028,3
2374,5025,3
2375,5035,3
2376,5026,3
2377,5025,4
2378,5025,3
2379,4028,623
2380,5039,6
2381,5068,3
2382,5031,2
2383,5032,2
2384,5023,3
2385,5029,3
2386,5024,2
2387,5037,3
2388,5030,2
2389,5024,3
2390,4026,603
2391,5042,3
2392,5027,3
2393,5030,3
2394,5028,2
2395,5030,3
2396,5031,3
2397,5028,3
2398,5030,3
2399,5031,3
2400,5044,3
2401,5025,2
2402,4026,606
2403,5028,11
2404,5035,3
2405,5028,3
2406,5033,3
2407,5026,3
2408,5027,2
2409,5033,3
2410,5028,3
2411,5032,2
2412,5026,2
2413,4042,612
2414,5064,5
2415,5036,2
2416,5032,3
2417,5029,2
2418,5034,3
2419,5027,3
2420,5029,3
2421,5024,3
2422,5032,4
2423,5031,2
2424,4043,594
2425,5038,3
2426,5031,2
2427,5041,3
2428,5030,2
2429,5026,3
2430,5025,3
2431,5027,3
2432,5033,3
2433,5026,2
2434,5032,3
2435,5026,3
2436,4042,582
2437,5034,3
2438,5027,3
2439,5038,3
2440,5026,3
2441,5029,2
2442,5030,3
2443,5025,3
2444,5032,6
2445,5027,3
2446,5030,3
2447,5029,3
2448,4032,609
2449,5052,3
2450,5027,3
2451,5028,2
2452,5030,3
2453,5030,3
2454,5027,3
2455,5023,2
2456,5032,4
2457,5028,2
2458,5044,4
2459,4037,617
2460,5028,17
2461,5028,3
2462,5023,5
2463,5030,3
2464,5029,2
2465,5024,3
2466,5030,3
2467,5026,3
2468,5030,3
2469,5027,2
2470,4044,624
2471,5080,3
2472,5021,3
2473,5035,2
2474,5034,2
2475,5031,2
2476,5024,3
2477,5029,2
2478,5026,2
2479,5033,3
2480,5027,3
2481,4036,584
2482,5055,3
2483,5032,3
2484,5027,3
2485,5032,3
2486,5027,3
2487,5024,3
2488,5030,3
2489,5027,2
2490,5033,2
2491,5026,3
2492,4045,621
2493,5052,2
2494,5025,3
2495,5031,3
2496,5030,2
2497,5032,3
2498,5027,3
2499,5051,2
2500,5027,3
2501,5034,3
2502,5024,3
2503,4045,588
2504,5051,3
2505,5031,3
2506,5026,3
2507,5039,2
2508,5026,2
2509,5030,2
2510,5026,3
2511,5032,2
2512,5027,3
2513,5034,3
2514,5024,3
2515,4030,588
2516,5027,4
2517,5032,5
2518,5043,4
2519,5038,5
2520,5043,5
2521,5078,3
2522,5036,3
2523,5044,6
2524,4039,584
2525,5044,4
2526,5033,3
2527,5030,4
2528,5035,4
2529,5030,2
2530,5032,4
2531,5027,2
2532,5032,3
2533,5032,2
2534,5030,3
2535,4026,623
2536,5047,3
2537,5044,2
2538,5030,3
2539,5030,3
2540,5029,3
2541,5029,3
2542,5028,3
2543,5032,4
2544,5025,3
2545,5033,3
2546,4025,609
2547,5034,5
2548,5025,4
2549,5044,2
2550,5025,2
2551,5022,4
2552,5028,2
2553,5031,2
2554,5439,3
2555,4033,307
2556,5045,3
2557,5029,3
2558,5027,2
2559,5046,3
2560,5030,2
2561,5032,3
2562,5025,3
2563,5031,3
2564,5028,2
2565,5030,3
2566,4031,610
2567,5041,3
2568,5028,3
2569,5035,3
2570,5028,3
2571,5025,2
2572,5026,2
2573,5022,3
2574,5027,3
2575,5024,3
2576,5036,3
2577,5027,3
2578,4029,619
2579,5040,3
2580,5026,3
2581,5047,3
2582,5026,3
2583,5025,3
2584,5028,3
2585,5030,2
2586,5027,3
2587,5030,3
2588,5027,3
2589,5033,3
2590,4023,594
2591,5030,2
2592,5028,3
2593,5032,2
2594,5047,2
2595,5027,3
2596,5031,3
2597,5027,2
2598,5043,3
2599,5023,3
2600,5028,2
2601,5025,3
2602,4039,592
2603,5026,4
2604,5034,3
2605,5027,3
2606,5043,5
2607,5029,2
2608,5024,3
2609,5023,3
2610,5033,3
2611,5028,3
2612,5030,2
2613,5026,3
2614,4029,618
2615,5039,3
2616,5034,2
2617,5030,2
2618,5062,2
2619,5026,3
2620,5027,3
2621,5028,3
2622,5031,3
2623,5025,4
2624,5030,2
2625,4028,600
2626,5041,3
2627,5024,4
2628,5034,2
2629,5028,2
2630,5046,3
2631,5026,3
2632,5026,2
2633,5025,3
2634,5036,3
2635,5025,2
2636,5031,3
2637,4021,613
2638,5034,4
2639,5032,2
2640,5031,2
2641,5116,3
2642,5043,3
2643,5026,3
2644,5026,4
2645,5040,2
2646,4033,588
2647,5028,3
2648,5026,3
2649,5029,2
2650,5029,2
2651,5025,2
2652,5031,2
2653,5025,3
2654,5031,3
2655,5026,3
2656,5043,3
2657,5029,2
2658,4030,624
2659,5038,3
2660,5026,3
2661,5027,2
2662,5032,2
2663,5026,3
2664,5028,3
2665,5026,2
2666,5029,2
2667,5025,2
2668,5030,3
2669,5032,3
2670,4026,642
2671,5034,3
2672,5029,3
2673,5028,3
2674,5028,2
2675,5032,2
2676,5026,3
2677,5032,2
2678,5024,7
2679,5035,4
2680,5027,2
2681,5025,3
2682,4025,593
2683,5027,6
2684,5034,2
2685,5030,2
2686,5024,3
2687,5027,3
2688,5030,3
2689,5028,2
2690,5029,2
2691,5048,3
2692,5027,3
2693,5027,2
2694,4027,617
2695,5025,2
2696,5027,2
2697,5026,2
2698,5028,2
2699,5031,2
2700,5032,3
2701,5024,3
2702,5029,2
2703,5028,2
2704,5039,4
2705,5030,3
2706,4028,615
2707,5035,3
2708,5027,2
2709,5030,2
2710,5023,3
2711,5031,2
2712,5021,3
2713,5030,3
2714,5036,2
2715,5024,3
2716,5026,2
2717,5027,3
2718,5026,3
2719,4028,605
2720,5033,3
2721,5027,5
2722,5042,4
2723,5039,5
2724,5039,6
2725,5041,3
2726,5039,3
2727,5041,7
2728,4044,623
2729,5043,4
2730,5038,3
2731,5030,3
2732,5036,3
2733,5028,3
2734,5033,2
2735,5026,3
2736,5031,3
2737,5027,4
2738,5034,2
2739,4023,604
2740,5031,3
2741,5031,3
2742,5026,3
2743,5033,4
2744,5026,3
2745,5043,3
2746,5030,3
2747,5030,2
2748,5029,2
2749,5027,3
2750,5028,2
2751,4033,605
2752,5035,3
2753,5027,2
2754,5030,2
2755,5027,3
2756,5041,3
2757,5027,3
2758,5029,3
2759,5024,3
2760,5027,2
2761,5031,4
2762,5030,3
2763,4023,621
2764,5048,3
2765,5032,6
2766,5038,3
2767,5047,2
2768,5026,4
2769,5028,3
2770,5029,2
2771,5031,3
2772,5026,3
2773,5031,2
2774,4024,596
2775,5024,4
2776,5027,2
2777,5030,2
2778,5044,2
2779,5026,2
2780,5033,3
2781,5027,3
2782,5096,3
2783,4379,285
2784,5046,3
2785,5027,3
2786,5030,3
2787,5025,3
2788,5048,3
2789,5025,3
2790,5024,3
2791,5703,5
2792,4033,4
2793,5035,4
2794,5035,3
2795,4819,110
2796,5031,3
2797,5031,3
2798,5025,2
2799,5035,2
2800,5028,2
2801,5034,2
2802,5032,2
2803,5031,2
2804,5025,3
2805,5040,2
2806,5026,2
2807,4028,607
2808,5060,3
2809,5030,2
2810,5026,3
2811,5033,3
2812,5031,2
2813,5030,3
2814,5024,4
2815,5032,3
2816,5022,3
2817,5042,3
2818,4028,608
2819,5028,4
2820,5026,2
2821,5028,3
2822,5025,3
2823,5034,3
2824,5029,2
2825,5034,3
2826,5027,2
2827,5032,3
2828,5028,2
2829,5046,3
2830,4022,625
2831,5031,3
2832,5031,5
2833,5041,3
2834,5040,4
2835,5043,4
2836,5040,3
2837,5042,5
2838,5049,4
2839,4030,619
2840,5041,3
2841,5037,4
2842,5028,3
2843,5031,4
2844,5028,3
2845,5044,3
2846,5027,3
2847,5029,2
2848,5031,2
2849,5032,3
2850,4030,595
2851,5055,2
2852,5041,3
2853,5024,3
2854,5033,2
2855,5027,3
2856,5032,3
2857,5027,3
2858,5029,4
2859,5026,2
2860,5029,2
2861,4028,616
2862,5042,3
2863,5030,3
2864,5041,3
2865,5027,3
2866,5030,3
2867,5032,3
2868,5033,3
2869,5025,3
2870,5035,2
2871,5029,3
2872,4032,617
2873,5037,3
2874,5022,3
2875,5033,3
2876,5026,3
2877,5028,3
2878,5027,3
2879,5028,3
2880,5023,3
2881,5028,2
2882,5030,2
2883,5039,3
2884,4027,620
2885,5031,2
2886,5034,2
2887,5028,2
2888,5037,3
2889,5028,2
2890,5028,3
2891,5036,2
2892,5024,3
2893,5029,3
2894,5031,3
2895,5032,2
2896,4025,627
2897,5035,2
2898,5029,3
2899,5026,3
2900,5049,3
2901,5028,3
2902,5030,3
2903,5025,3
2904,5028,2
2905,5034,3
2906,5036,2
2907,4029,594
2908,5039,2
2909,5030,3
2910,5031,3
2911,5026,2
2912,5024,3
2913,5042,3
2914,5026,2
2915,5030,2
2916,5025,4
2917,5034,4
2918,5025,3
2919,4033,617
2920,5028,3
2921,5030,3
2922,5022,4
2923,5042,2
2924,5031,3
2925,5026,3
2926,5029,2
2927,5034,3
2928,5027,3
2929,5038,2
2930,4034,610
2931,5038,6
2932,5036,2
2933,5264,3
2934,5031,2
2935,4029,617
2936,5060,3
2937,5026,3
2938,5027,3
2939,5033,3
2940,5022,2
2941,5032,2
2942,5025,3
2943,5027,2
2944,5028,4
2945,5039,2
2946,4028,606
2947,5030,2
2948,5032,3
2949,5030,3
2950,5025,3
2951,5031,2
2952,5023,2
2953,5031,3
2954,5027,3
2955,5036,3
2956,5032,3
2957,5041,3
2958,4024,608
2959,5032,3
2960,5039,3
2961,5026,3
2962,5028,2
2963,5024,3
2964,5030,2
2965,5026,3
2966,5032,2
2967,5024,2
2968,5030,3
2969,5029,2
2970,4046,613
2971,5029,3
2972,5047,4
2973,5028,2
2974,5028,3
2975,5028,3
2976,5032,2
2977,5029,2
2978,5030,2
2979,5025,3
2980,5027,3
2981,5026,3
2982,4045,588
2983,5030,8
2984,5068,2
2985,5026,2
2986,5026,3
2987,5026,3
2988,5030,2
2989,5024,3
2990,5030,2
2991,5027,2
2992,5029,2
2993,4029,620
2994,5026,2
2995,5046,3
2996,5026,2
2997,5036,4
2998,5029,3
2999,5030,3
3000,5032,3
3001,5034,3
3002,5030,3
3003,5028,3
3004,5025,4
3005,4046,764
3006,5037,3
3007,5032,2
3008,5031,3
3009,5031,3
3010,5028,2
3011,4031,606
3012,5076,5
3013,5032,3
3014,5038,4
3015,5030,4
3016,5038,4
3017,5034,2
3018,5031,2
3019,5027,3
3020,5033,3
3021,4025,604
3022,5029,3
3023,5028,2
3024,5028,3
3025,5028,3
3026,5023,3
3027,5028,3
3028,5024,2
3029,5028,3
3030,5023,3
3031,5047,3
3032,5031,3
3033,4029,635
3034,5030,3
3035,5026,2
3036,5024,3
3037,5031,2
3038,5033,3
3039,5039,2
3040,5027,3
3041,5028,3
3042,5027,3
3043,5043,2
3044,5024,3
3045,4027,607
3046,5033,3
3047,5022,3
3048,5029,2
3049,5029,3
3050,5026,2
3051,5027,3
3052,5023,2
3053,5031,2
3054,5027,2
3055,5048,2
3056,5024,2
3057,4023,605
3058,5035,3
3059,5028,3
3060,5024,3
3061,5026,2
3062,5028,3
3063,5024,2
3064,5028,3
3065,5024,3
3066,5036,2
3067,5025,2
3068,5024,2
3069,5028,3
3070,4026,618
3071,5044,3
3072,5033,3
3073,5026,2
3074,5047,3
3075,5031,3
3076,5026,3
3077,5022,3
3078,5026,2
3079,5029,3
3080,5027,3
3081,5025,3
3082,4039,584
3083,5034,3
3084,5025,3
3085,5033,2
3086,5025,3
3087,5029,2
3088,5028,4
3089,5030,2
3090,5030,3
3091,5031,3
3092,5031,3
3093,5027,3
3094,5029,3
3095,4026,593
3096,5040,3
3097,5025,3
3098,5031,3
3099,5025,3
3100,5041,3
3101,5027,3
3102,5027,3
3103,5023,2
3104,5031,3
3105,5028,3
3106,5031,3
3107,4027,627
3108,5040,3
3109,5032,3
3110,5030,4
3111,5028,2
3112,5030,2
3113,5027,4
3114,5028,3
3115,5029,3
3116,5023,3
3117,5029,2
3118,5024,3
3119,4031,589
3120,5047,3
3121,5028,2
3122,5036,2
3123,5023,3
3124,5039,3
3125,5021,2
3126,5026,3
3127,5025,3
3128,5030,2
3129,5028,2
3130,5029,2
3131,4023,609
3132,5037,2
3133,5030,3
3134,5041,3
3135,5026,2
3136,5035,2
3137,5024,3
3138,5027,3
3139,5028,3
3140,5029,3
3141,5028,2
3142,5029,2
3143,4028,621
3144,5054,3
3145,5031,3
3146,5029,4
3147,5049,3
3148,5031,2
3149,5030,3
3150,5032,3
3151,5029,2
3152,5025,2
3153,5031,2
3154,4024,604
3155,5036,3
3156,5029,3
3157,5030,3
3158,5046,2
3159,5027,2
3160,5028,3
3161,5026,3
3162,5027,2
3163,5027,3
3164,5032,2
3165,5028,2
3166,4036,593
3167,5046,3
3168,5027,2
3169,5031,3
3170,5022,2
3171,5041,3
3172,5028,2
3173,5027,2
3174,5030,3
3175,5027,2
3176,5023,3
3177,5029,4
3178,4023,628
3179,5037,3
3180,5026,6
3181,5099,116
3182,5034,3
3183,5026,4
3184,4028,608
3185,5024,3
3186,5032,2
3187,5024,3
3188,5029,4
3189,5030,3
3190,5024,3
3191,5030,2
3192,5025,14
3193,5026,2
3194,5028,5
3195,5027,3
3196,4030,622
3197,5031,3
3198,5027,3
3199,5028,1031
3200,4058,3
3201,5031,3
3202,5034,3
3203,5024,3
3204,5049,4
3205,5030,5
3206,4042,578
3207,5040,3
3208,5040,3
3209,5029,3
3210,5039,3
3211,5025,3
3212,5049,6
3213,5033,3
3214,5034,3
3215,5032,4
3216,4051,621
3217,5045,3
3218,5029,3
3219,5028,3
3220,5036,3
3221,5030,4
3222,5035,3
3223,5028,2
3224,5031,3
3225,5035,11
3226,4054,590
3227,5037,4
3228,5032,3
3229,5036,3
3230,5034,2
3231,5056,3
3232,5028,3
3233,5028,3
3234,5033,3
3235,5039,3
3236,5029,3
3237,4031,595
3238,5044,2
3239,5032,2
3240,5028,3
3241,5033,2
3242,5024,3
3243,5026,3
3244,5028,3
3245,5024,3
3246,5040,3
3247,5028,3
3248,5024,2
3249,4028,593
3250,5053,3
3251,5029,2
3252,5034,3
3253,5030,3
3254,5035,3
3255,5028,2
3256,5029,3
3257,5029,3
3258,5032,3
3259,5030,3
3260,4046,593
3261,5040,3
3262,5053,3
3263,5032,4
3264,5032,3
3265,5030,3
3266,5029,3
3267,5027,3
3268,5030,3
3269,5023,3
3270,5035,2
3271,4026,627
3272,5044,3
3273,5030,3
3274,5042,3
3275,5030,3
3276,5032,3
3277,5031,3
3278,5029,3
3279,5031,2
3280,5030,2
3281,5028,3
3282,4032,610
3283,5037,5
3284,5034,3
3285,5051,2
3286,5030,2
3287,5039,4
3288,5032,2
3289,5033,3
3290,5027,2
3291,5025,3
3292,5028,3
3293,4032,591
3294,5035,2
3295,5035,3
3296,5026,3
3297,5033,3
3298,5027,2
3299,5048,3
3300,5025,3
3301,5034,3
3302,5027,3
3303,5029,3
3304,5026,2
3305,4033,600
3306,5034,3
3307,5028,3
3308,5035,3
3309,5026,2
3310,5043,4
3311,5028,3
3312,5033,4
3313,5030,3
3314,5030,3
3315,5032,3
3316,4031,603
3317,5042,3
3318,5033,5
3319,5027,3
3320,5027,3
3321,5033,3
3322,5035,3
3323,5040,3
3324,5025,3
3325,5029,3
3326,5031,2
3327,4031,609
3328,5060,3
3329,5029,3
3330,5031,2
3331,5026,3
3332,5034,3
3333,5032,3
3334,5030,2
3335,5033,3
3336,5029,2
3337,5032,3
3338,4042,606
3339,5051,2
3340,5025,3
3341,5043,4
3342,5032,2
3343,5037,3
3344,5027,3
3345,5033,2
3346,5032,3
3347,5034,3
3348,5030,3
3349,4033,588
3350,5039,3
3351,5035,3
3352,5033,2
3353,5032,2
3354,5023,3
3355,5030,3
3356,5030,3
3357,5026,4
3358,5030,2
3359,5029,2
3360,5036,3
3361,4026,608
3362,5042,3
3363,5026,3
3364,5273,3
3365,4022,620
3366,5029,7
3367,5031,2
3368,5030,3
3369,5030,3
3370,5034,3
3371,5040,3
3372,5031,3
3373,5034,3
3374,5040,3
3375,5025,3
3376,4029,605
3377,5042,3
3378,5033,5
3379,5045,3
3380,5043,4
3381,5039,6
3382,5048,3
3383,5043,6
3384,5044,3
3385,4035,605
3386,5066,3
3387,5030,2
3388,5030,4
3389,5030,4
3390,5034,3
3391,5038,3
3392,5032,4
3393,5029,3
3394,5031,3
3395,4028,611
3396,5037,2
3397,5034,3
3398,5029,3
3399,5042,2
3400,5029,3
3401,5027,4
3402,5031,2
3403,5031,4
3404,5028,2
3405,5037,3
3406,4025,615
3407,5039,3
3408,5026,3
3409,5035,2
3410,5028,3
3411,5026,3
3412,5028,3
3413,5029,5
3414,5035,3
3415,5028,3
3416,5029,2
3417,5032,3
3418,4038,596
3419,5033,6
3420,5029,3
3421,5032,3
3422,5029,3
3423,5028,3
3424,5033,3
3425,5032,2
3426,5025,3
3427,5035,3
3428,5029,3
3429,5035,5
3430,4029,596
3431,5059,3
3432,5033,3
3433,5027,3
3434,5033,2
3435,5025,2
3436,5038,3
3437,5030,2
3438,5033,2
3439,5024,7
3440,4068,584
3441,5043,3
3442,5026,3
3443,5029,3
3444,5030,2
3445,5052,2
3446,5031,3
3447,5038,2
3448,5024,3
3449,5032,3
3450,5028,3
3451,4028,625
3452,5038,3
3453,5032,2
3454,5028,3
3455,5027,3
3456,5033,2
3457,5030,4
3458,5030,2
3459,5041,3
3460,5030,3
3461,5035,3
3462,4034,598
3463,5045,3
3464,5029,2
3465,5027,2
3466,5030,5
3467,5033,3
3468,5031,3
3469,5029,4
3470,5034,3
3471,5026,3
3472,5049,3
3473,4026,619
3474,5032,2
3475,5043,2
3476,5024,3
3477,5030,3
3478,5039,3
3479,5031,2
3480,5029,2
3481,5029,3
3482,5028,2
3483,5031,3
3484,5028,2
3485,4041,573
3486,5051,2
3487,5028,3
3488,5037,3
3489,5764,130
3490,4033,3
3491,5033,3
3492,5031,3
3493,5032,2
3494,5032,2
3495,5044,3
3496,5027,2
3497,5027,3
3498,5025,3
3499,5030,3
3500,5023,3
3501,4031,598
3502,5037,3
3503,5030,2
3504,5032,2
3505,5030,3
3506,5046,3
3507,5027,3
3508,5030,2
3509,5031,2
3510,5029,3
3511,5025,3
3512,4032,601
3513,5030,3
3514,5030,3
3515,5025,3
3516,5031,2
3517,5030,2
3518,5036,2
3519,5031,3
3520,5034,3
3521,5029,3
3522,5040,3
3523,5026,2
3524,4030,603
3525,5035,4
3526,5048,3
3527,5028,2
3528,5030,3
3529,5031,3
3530,5040,3
3531,5027,2
3532,5031,2
3533,5023,3
3534,5029,3
3535,5028,2
3536,4038,585
3537,5036,3
3538,5025,2
3539,5037,3
3540,5030,2
3541,5043,2
3542,5027,3
3543,5031,4
3544,5030,2
3545,5038,2
3546,5031,2
3547,4033,603
3548,5033,3
3549,5029,2
3550,5036,3
3551,5025,3
3552,5043,3
3553,5024,3
3554,5032,2
3555,5031,3
3556,5031,4
3557,5030,3
3558,5030,2
3559,4024,607
3560,5033,3
3561,5028,3
3562,5035,3
3563,5031,5
3564,5035,3
3565,5029,2
3566,5029,3
3567,5031,3
3568,5029,3
3569,5025,3
3570,5030,2
3571,4022,611
3572,5037,3
3573,5030,3
3574,5035,3
3575,5027,3
3576,5038,2
3577,5032,3
3578,5031,3
3579,5029,13
3580,5033,3
3581,5026,5
3582,4029,600
3583,5043,2
3584,5034,3
3585,5032,3
3586,5034,3
3587,5026,3
3588,5030,3
3589,5028,3
3590,5032,2
3591,5026,2
3592,5041,4
3593,4030,625
3594,5041,17
3595,5039,5
3596,5060,4
3597,5033,3
3598,5031,2
3599,5032,2
3600,5037,2
3601,5031,4
3602,4033,617
3603,5035,3
3604,5028,3
3605,5028,2
3606,5028,2
3607,5042,3
3608,5027,3
3609,5034,5
3610,5030,2
3611,5029,3
3612,5031,2
3613,5031,2
3614,4027,610
3615,5036,3
3616,5026,2
3617,5034,3
3618,5024,3
3619,5045,2
3620,5029,3
3621,5034,4
3622,5028,3
3623,5030,3
3624,5026,4
3625,4043,595
3626,5036,2
3627,5034,2
3628,5028,3
3629,5032,4
3630,5037,2
3631,5047,3
3632,5035,3
3633,5029,3
3634,5027,2
3635,5029,3
3636,4027,628
3637,5034,4
3638,5028,8
3639,5030,3
3640,5033,3
3641,5026,3
3642,5036,3
3643,5029,3
3644,5032,3
3645,5031,3
3646,4051,630
3647,5042,3
3648,5045,2
3649,5032,2
3650,5029,3
3651,5027,2
3652,5030,3
3653,5030,2
3654,5031,2
3655,5030,3
3656,5035,3
3657,4027,591
3658,5028,3
3659,5029,2
3660,5025,3
3661,5042,3
3662,5029,3
3663,5033,3
3664,5032,4
3665,5037,3
3666,5028,3
3667,5036,3
3668,5029,2
3669,4028,597
3670,5039,3
3671,5024,6
3672,5044,2
3673,5028,3
3674,5038,4
3675,5032,2
3676,5032,3
3677,5033,3
3678,5038,3
3679,5027,3
3680,4037,592
3681,5035,3
3682,5024,3
3683,5035,3
3684,5024,2
3685,5051,4
3686,5026,3
3687,5029,3
3688,5026,3
3689,5030,3
3690,5028,2
3691,5040,2
3692,4030,609
3693,5058,3
3694,5028,3
3695,5031,3
3696,5027,3
3697,5030,2
3698,5029,3
3699,5037,2
3700,5040,2
3701,5026,3
3702,4037,616
3703,5067,2
3704,5025,2
3705,5032,3
3706,5025,3
3707,5035,3
3708,5028,2
3709,5033,2
3710,5025,3
3711,5035,3
3712,5027,2
3713,4046,609
3714,5032,3
3715,5036,2
3716,5026,3
3717,5034,2
3718,5029,3
3719,5032,3
3720,5031,4
3721,5033,4
3722,5028,2
3723,4223,439
3724,5035,3
3725,5027,3
3726,5041,3
3727,5031,3
3728,5034,3
3729,5035,2
3730,5029,2
3731,5034,3
3732,5026,2
3733,5031,3
3734,5026,2
3735,4047,581
3736,5033,3
3737,5038,2
3738,5024,3
3739,5042,2
3740,5027,3
3741,5035,2
3742,5026,3
3743,5038,3
3744,5031,2
3745,5038,2
3746,4027,611
3747,5037,3
3748,5027,3
3749,5034,2
3750,5032,3
3751,5043,3
3752,5043,2
3753,5036,3
3754,5026,2
3755,5031,2
3756,5029,3
3757,4029,603
3758,5033,3
3759,5027,3
3760,5032,3
3761,5024,3
3762,5046,4
3763,5027,3
3764,5028,2
3765,4290,462
3766,5030,3
3767,5031,3
3768,5053,3
3769,5026,3
3770,5028,3
3771,5027,3
3772,5032,3
3773,5023,3
3774,5031,3
3775,5032,3
3776,5035,3
3777,4027,614
3778,5041,3
3779,5030,4
3780,5060,2
3781,5026,3
3782,5032,3
3783,5029,2
3784,5033,3
3785,5035,3
3786,5030,2
3787,4029,618
3788,5029,4
3789,5030,3
3790,5033,3
3791,5045,3
3792,5027,4
3793,5037,2
3794,5026,2
3795,5032,2
3796,5025,3
3797,5030,3
3798,5028,2
3799,4031,586
3800,5046,2
3801,5031,3
3802,5034,2
3803,5025,3
3804,5045,3
3805,5029,2
3806,5035,3
3807,5028,2
3808,5038,3
3809,5026,3
3810,4031,610
3811,5038,4
3812,5032,3
3813,5029,3
3814,5050,3
3815,5027,3
3816,5033,3
3817,5024,3
3818,5037,5
3819,5047,4
3820,4039,613
3821,5030,4
3822,5040,3
3823,5030,3
3824,5043,3
3825,5027,3
3826,5047,2
3827,5035,3
3828,5037,3
3829,5082,109
3830,4030,464
3831,5040,3
3832,5032,2
3833,5027,2
3834,5032,3
3835,5027,7
3836,5037,3
3837,5037,3
3838,5033,4
3839,5047,3
3840,5024,3
3841,4032,592
3842,5049,2
3843,5053,2
3844,5030,3
3845,5026,5
3846,4450,381
3847,5042,3
3848,5030,3
3849,5031,3
3850,5036,3
3851,5030,3
3852,5044,2
3853,5026,2
3854,5027,3
3855,5026,3
3856,5029,3
3857,4031,609
3858,5032,3
3859,5029,3
3860,5035,3
3861,5032,3
3862,5033,3
3863,5029,3
3864,5032,3
3865,5033,2
3866,5030,2
3867,5032,2
3868,5028,2
3869,4030,626
3870,5043,3
3871,5032,2
3872,5031,3
3873,5043,6
3874,5034,3
3875,5028,2
3876,5029,3
3877,5032,3
3878,5025,2
3879,4044,618
3880,5048,3
3881,5028,3
3882,5046,3
3883,5042,3
3884,5029,2
3885,5024,3
3886,5034,4
3887,5028,3
3888,5034,2
3889,4028,607
3890,5052,2
3891,5031,3
3892,5031,2
3893,5028,3
3894,5035,3
3895,5027,2
3896,5031,3
3897,5030,8
3898,5033,3
3899,5037,5
3900,4027,614
3901,5054,4
3902,5031,3
3903,5028,3
3904,5031,3
3905,5040,6
3906,5043,2
3907,5030,5
3908,5032,2
3909,5029,5
3910,4056,575
3911,5032,2
3912,5028,3
3913,5045,3
3914,5030,3
3915,5033,5
3916,5029,2
3917,5030,3
3918,5028,2
3919,5033,2
3920,5025,2
3921,5034,3
3922,4028,594
3923,5048,2
3924,5030,5
3925,5036,3
3926,5044,3
3927,5035,3
3928,5036,3
3929,5033,6
3930,5041,3
3931,5031,3
3932,4025,625
3933,5035,2
3934,5029,3
3935,5037,2
3936,5033,3
3937,5031,2
3938,5029,2
3939,5034,7
3940,5034,5
3941,5032,3
3942,5032,3
3943,4037,585
3944,5053,3
3945,5028,3
3946,5027,4
3947,5039,3
3948,5033,3
3949,5033,3
3950,5037,3
3951,5029,3
3952,5034,3
3953,5027,2
3954,4036,601
3955,5036,2
3956,5030,2
3957,5025,3
3958,5023,2
3959,5030,3
3960,5031,3
3961,5035,3
3962,5032,3
3963,5035,4
3964,5031,3
3965,4040,614
3966,5043,3
3967,5029,3
3968,5047,2
3969,5033,3
3970,5029,3
3971,5034,2
3972,5026,2
3973,5038,2
3974,5029,3
3975,5028,3
3976,4029,615
3977,5033,6
3978,5030,3
3979,5030,3
3980,5028,2
3981,5038,3
3982,5042,3
3983,5028,2
3984,5028,2
3985,5026,5
3986,5038,3
3987,4028,607
3988,5039,3
3989,5032,2
3990,5032,3
3991,5029,4
3992,5029,2
3993,5047,3
3994,5030,3
3995,5030,3
3996,5032,3
3997,5036,2
3998,4025,608
3999,5049,3
4000,5029,3
4001,5023,3
4002,5035,2
4003,5025,2
4004,5035,3
4005,5023,3
4006,5030,3
4007,5025,3
4008,5027,3
4009,5027,2
4010,4037,599
4011,5054,2
4012,5029,2
4013,5030,3
4014,5031,3
4015,5047,3
4016,5027,3
4017,5025,4
4018,5025,3
4019,5037,3
4020,5024,2
4021,4033,627
4022,5040,3
4023,5027,3
4024,5024,2
4025,5042,3
4026,5027,3
4027,5032,3
4028,5028,2
4029,5028,3
4030,5027,4
4031,5037,3
4032,4025,619
4033,5030,2
4034,5032,2
4035,5027,2
4036,5042,3
4037,5023,3
4038,5032,3
4039,5033,3
4040,5030,3
4041,5027,3
4042,5033,3
4043,5032,2
4044,4032,588
4045,5048,3
4046,5026,3
4047,5029,2
4048,5023,2
4049,5045,2
4050,5027,3
4051,5028,3
4052,5025,3
4053,5032,3
4054,5025,3
4055,5032,3
4056,4024,626
4057,5033,5
4058,5026,2
4059,5029,2
4060,5026,2
4061,5030,2
4062,5026,3
4063,5023,3
4064,5023,3
4065,5031,2
4066,5033,3
4067,5030,5
4068,4033,606
4069,5045,3
4070,5030,8
4071,5036,3
4072,5029,4
4073,5030,2
4074,5049,2
4075,5032,3
4076,5033,4
4077,5038,2
4078,4026,623
4079,5036,3
4080,5034,2
4081,5028,5
4082,5032,2
4083,5035,2
4084,5028,2
4085,5033,2
4086,5024,3
4087,5046,3
4088,5028,3
4089,4026,606
4090,5037,2
4091,5030,3
4092,5027,2
4093,5031,2
4094,5032,3
4095,5032,3
4096,5025,3
4097,5039,5
4098,5041,3
4099,5053,3
4100,4028,601
4101,5037,2
4102,5057,3
4103,5025,2
4104,5031,3
4105,5032,2
4106,5036,3
4107,5029,2
4108,5036,3
4109,5027,3
4110,5032,3
4111,4032,592
4112,5037,3
4113,5034,2
4114,5030,2
4115,5026,3
4116,5050,2
4117,5028,4
4118,5030,7
4119,5043,2
4120,5033,3
4121,5033,2
4122,4041,590
4123,5028,3
4124,5026,3
4125,5031,2
4126,5030,2
4127,5034,3
4128,5029,2
4129,5029,3
4130,5028,13
4131,5027,3
4132,5030,5
4133,5032,3
4134,4033,603
4135,5035,3
4136,5048,4
4137,5027,3
4138,5027,3
4139,5034,3
4140,5033,3
4141,5034,3
4142,5032,2
4143,5028,3
4144,5029,2
4145,4029,613
4146,5036,2
4147,5027,2
4148,5029,4
4149,5032,3
4150,5046,2
4151,5024,3
4152,5035,2
4153,5029,2
4154,5039,3
4155,5031,3
4156,4029,613
4157,5028,3
4158,5031,3
4159,5025,390
4160,4039,474
4161,5049,4
4162,5033,3
4163,5034,3
4164,5025,3
4165,5031,3
4166,5033,3
4167,5035,2
4168,5044,3
4169,5029,3
4170,5033,2
4171,4023,606
4172,5063,3
4173,5036,3
4174,5035,3
4175,5031,3
4176,5038,3
4177,5029,3
4178,5038,3
4179,5028,3
4180,5036,3
4181,4026,616
4182,5044,2
4183,5026,3
4184,5033,2
4185,5032,6
4186,5034,3
4187,5027,3
4188,5029,2
4189,5035,4
4190,5036,2
4191,5034,4
4192,4028,600
4193,5047,3
4194,5026,3
4195,5029,3
4196,5028,3
4197,5032,3
4198,5043,3
4199,5032,2
4200,5034,3
4201,5029,3
4202,5042,3
4203,4025,618
4204,5043,3
4205,5032,4
4206,5040,3
4207,5029,3
4208,5030,3
4209,5029,3
4210,5029,2
4211,5029,3
4212,5032,2
4213,5041,4
4214,4030,603
4215,5030,3
4216,5030,3
4217,5035,4
4218,5039,2
4219,5034,2
4220,5029,3
4221,5033,3
4222,5032,4
4223,5043,3
4224,5028,3
4225,4033,589
4226,5063,3
4227,5033,3
4228,5045,3
4229,5028,3
4230,5030,3
4231,5031,3
4232,5028,2
4233,5034,3
4234,5029,3
4235,4040,624
4236,5035,3
4237,5031,2
4238,5029,3
4239,5025,3
4240,5044,3
4241,5039,3
4242,5032,4
4243,5052,3
4244,4056,626
4245,5055,4
4246,5034,2
4247,5031,3
4248,5029,3
4249,5037,3
4250,5029,6
4251,5031,3
4252,5032,3
4253,5034,3
4254,4033,619
4255,5043,4
4256,5036,3
4257,5039,2
4258,5027,3
4259,5041,3
4260,5052,3
4261,5028,3
4262,5033,3
4263,5027,3
4264,4027,620
4265,5033,3
4266,5028,3
4267,5046,9
4268,5044,3
4269,5031,3
4270,5053,3
4271,5028,4
4272,5031,3
4273,5032,3
4274,4042,602
4275,5048,3
4276,5032,2
4277,5027,4
4278,5051,4
4279,5041,3
4280,5032,3
4281,5030,2
4282,5035,2
4283,5033,3
4284,4033,593
4285,5153,131
4286,5057,4
4287,5031,2
4288,4039,590
4289,5038,3
4290,5034,3
4291,5033,3
4292,5032,3
4293,5033,4
4294,5039,4
4295,5029,2
4296,5032,4
4297,5030,2
4298,4047,612
4299,5060,3
4300,5028,3
4301,5038,2
4302,5024,3
4303,5051,3
4304,5029,2
4305,5027,3
4306,5026,3
4307,5027,3
4308,5030,3
4309,4034,595
4310,5038,3
4311,5036,3
4312,5029,3
4313,5031,3
4314,5039,3
4315,5029,3
4316,5033,2
4317,5027,3
4318,5043,3
4319,5030,3
4320,4027,608
4321,5063,3
4322,5026,3
4323,5033,2
4324,5026,2
4325,5036,4
4326,5027,3
4327,5027,3
4328,5029,3
4329,5032,3
4330,5027,3
4331,4028,634
4332,5041,3
4333,5029,3
4334,5026,3
4335,5052,3
4336,5030,4
4337,5041,3
4338,5030,2
4339,5035,3
4340,4095,596
4341,5036,3
4342,5027,3
4343,5032,3
4344,5031,3
4345,5031,3
4346,5031,3
4347,5028,2
4348,5031,2
4349,5026,3
4350,5043,3
4351,4024,634
4352,5035,3
4353,5030,3
4354,5052,4
4355,5028,2
4356,5031,3
4357,5032,3
4358,5031,3
4359,5032,2
4360,5034,3
4361,4028,621
4362,5064,3
4363,5034,4
4364,5045,4
4365,5038,3
4366,5039,4
4367,5031,3
4368,5029,3
4369,5033,2
4370,5030,3
4371,4049,578
4372,5038,3
4373,5033,4
4374,5039,3
4375,5030,3
4376,5040,3
4377,5025,3
4378,5029,3
4379,5024,3
4380,5032,2
4381,5025,3
4382,4032,624
4383,5042,3
4384,5032,3
4385,5036,3
4386,5027,3
4387,5026,4
4388,5031,4
4389,5029,3
4390,5029,2
4391,5031,3
4392,5033,3
4393,4032,617
4394,5032,3
4395,5038,3
4396,5035,3
4397,5037,2
4398,5032,3
4399,5054,2
4400,5025,3
4401,5033,2
4402,5027,2
4403,5034,3
4404,4027,611
4405,5028,2
4406,5024,3
4407,5032,3
4408,5047,24
4409,5029,3
4410,5037,2
4411,4294,473
4412,5047,3
4413,5030,3
4414,5032,3
4415,5035,3
4416,5027,2
4417,5033,3
4418,5030,4
4419,5036,3
4420,5033,3
4421,4040,603
4422,5047,3
4423,5038,3
4424,5031,2
4425,5043,3
4426,5026,3
4427,5029,3
4428,5032,3
4429,5034,3
4430,5032,2
4431,5036,3
4432,4023,613
4433,5045,3
4434,5025,7
4435,5033,2
4436,5032,2
4437,5027,3
4438,5030,3
4439,5028,3
4440,5050,3
4441,5031,3
4442,5035,3
4443,4037,617
4444,5050,2
4445,5051,2
4446,5028,3
4447,5032,3
4448,5035,3
4449,5032,3
4450,5029,4
4451,5032,2
4452,5027,3
4453,4034,600
4454,5042,5
4455,5053,4
4456,5026,4
4457,5038,3
4458,5032,3
4459,5045,3
4460,5027,3
4461,5028,3
4462,5028,3
4463,4030,629
4464,5066,3
4465,5047,3
4466,5033,2
4467,5033,3
4468,5028,4
4469,5035,3
4470,5028,3
4471,5031,3
4472,4030,619
4473,5055,2
4474,5025,5
4475,5029,3
4476,5036,3
4477,5030,3
4478,5033,2
4479,5038,3
4480,5060,3
4481,5028,3
4482,4035,620
4483,5039,4
4484,5038,3
4485,5053,3
4486,5030,3
4487,5033,4
4488,5036,3
4489,5031,3
4490,5030,5
4491,4048,627
4492,5037,2
4493,5030,6
4494,5048,2
4495,5053,2
4496,5033,3
4497,5030,4
4498,5032,3
4499,5035,4
4500,5035,5
4501,4040,586
4502,5048,2
4503,5029,3
4504,5052,3
4505,5030,3
4506,5034,3
4507,5031,3
4508,5036,3
4509,5030,3
4510,5033,3
4511,4032,607
4512,5040,7
4513,5040,3
4514,5031,3
4515,5027,4
4516,5037,2
4517,5028,3
4518,5033,2
4519,5034,2
4520,5046,3
4521,5027,3
4522,4030,596
4523,5031,3
4524,5042,3
4525,5032,3
4526,5029,3
4527,5047,3
4528,5032,3
4529,5028,3
4530,5036,4
4531,5029,3
4532,4048,610
4533,5053,3
4534,5032,3
4535,5028,3
4536,5030,2
4537,5029,3
4538,5031,6
4539,5086,2
4540,5031,3
4541,5032,4
4542,4032,582
4543,5033,5
4544,5074,10
4545,5044,4
4546,5033,4
4547,5029,3
4548,5038,2
4549,5028,2
4550,5051,3
4551,4026,618
4552,5046,7
4553,5032,3
4554,5049,3
4555,5032,3
4556,5032,3
4557,5027,4
4558,5031,3
4559,5031,3
4560,5035,2
4561,4030,637
4562,5033,3
4563,5039,5
4564,5034,2
4565,5031,3
4566,5035,4
4567,5040,3
4568,5031,3
4569,5033,3
4570,5031,3
4571,4043,624
4572,5029,3
4573,5049,2
4574,5031,2
4575,5035,3
4576,5032,3
4577,5055,3
4578,5033,3
4579,5031,3
4580,5029,4
4581,4039,618
4582,5044,4
4583,5028,2
4584,5060,4
4585,5032,3
4586,5039,3
4587,5028,3
4588,5035,3
4589,5032,2
4590,4038,620
4591,5046,3
4592,5041,3
4593,5029,2
4594,5032,2
4595,5029,3
4596,5027,2
4597,5031,3
4598,5029,3
4599,5049,3
4600,4028,608
4601,5048,3
4602,5032,3
4603,5037,5
4604,5038,4
4605,5052,3
4606,5028,3
4607,4272,475
4608,5035,3
4609,5025,3
4610,5039,3
4611,5026,3
4612,5042,5
4613,5047,4
4614,5043,5
4615,5041,2
4616,5040,5
4617,4034,605
4618,5048,4
4619,5042,2
4620,5029,4
4621,5036,2
4622,5031,3
4623,5033,4
4624,4503,245
4625,5045,3
4626,5032,3
4627,5062,3
4628,5030,3
4629,5030,3
4630,5029,4
4631,5041,3
4632,5031,3
4633,5038,3
4634,4031,602
4635,5057,2
4636,5032,2
4637,5037,2
4638,5032,2
4639,5035,3
4640,5038,3
4641,5026,3
4642,5034,3
4643,5029,3
4644,5033,3
4645,4031,589
4646,5032,3
4647,5036,3
4648,5028,3
4649,5047,3
4650,5030,3
4651,5041,3
4652,5027,3
4653,5034,2
4654,5031,2
4655,5031,3
4656,4028,610
4657,5038,3
4658,5034,4
4659,5039,4
4660,5037,4
4661,5035,3
4662,5024,2
4663,5033,3
4664,5029,3
4665,5049,6
4666,4044,596
4667,5060,3
4668,5027,3
4669,5035,2
4670,5027,3
4671,5049,2
4672,5028,3
4673,5027,3
4674,5030,3
4675,5034,2
4676,5031,2
4677,4035,600
4678,5034,2
4679,5035,3
4680,5028,3
4681,5036,4
4682,5034,4
4683,5037,3
4684,5033,3
4685,5035,2
4686,5028,2
4687,4042,626
4688,5043,2
4689,5026,3
4690,5033,3
4691,5034,2
4692,5033,4
4693,5033,3
4694,5026,3
4695,5030,2
4696,5036,2
4697,5032,4
4698,4032,601
4699,5044,2
4700,5026,3
4701,5060,4
4702,5033,3
4703,5033,3
4704,5035,3
4705,5030,3
4706,5034,3
4707,5032,3
4708,4037,611
4709,5302,5
4710,5036,2
4711,4035,618
4712,5045,4
4713,5029,3
4714,5052,4
4715,5032,4
4716,5035,3
4717,5038,3
4718,5033,4
4719,5036,3
4720,5028,2
4721,4035,606
4722,5036,3
4723,5050,4
4724,5034,3
4725,5031,3
4726,5031,3
4727,5034,3
4728,5030,3
4729,5034,2
4730,5034,3
4731,4035,625
4732,5033,2
4733,5290,4
4734,5030,3
4735,4048,583
4736,5036,3
4737,5047,2
4738,5032,2
4739,5037,4
4740,5034,4
4741,5032,3
4742,5028,2
4743,5038,2
4744,5027,3
4745,5028,4
4746,4052,589
4747,5042,4
4748,5028,2
4749,5035,3
4750,5032,2
4751,5039,3
4752,5027,2
4753,5031,2
4754,5029,3
4755,5030,3
4756,5028,4
4757,4035,596
4758,5039,3
4759,5031,2
4760,5043,2
4761,5031,3
4762,5029,3
4763,5030,3
4764,5035,2
4765,5027,3
4766,5037,3
4767,5031,3
4768,4041,593
4769,5042,2
4770,5031,4
4771,5048,3
4772,5027,4
4773,5044,3
4774,5028,2
4775,5030,2
4776,5026,4
4777,5033,3
4778,4056,607
4779,5042,4
4780,5031,2
4781,5038,3
4782,5033,2
4783,5040,4
4784,5083,5
4785,5033,3
4786,5035,3
4787,4054,586
4788,5028,4
4789,5045,2
4790,5032,3
4791,5040,2
4792,5027,3
4793,5032,3
4794,5031,3
4795,5035,3
4796,5027,2
4797,5039,3
4798,4027,600
4799,5030,4
4800,5049,3
4801,5028,3
4802,5030,3
4803,5032,3
4804,5034,3
4805,5030,2
4806,5030,3
4807,5028,3
4808,5033,3
4809,4032,624
4810,5036,3
4811,5049,3
4812,5036,3
4813,5029,3
4814,5033,3
4815,5033,2
4816,5030,3
4817,5033,3
4818,5029,3
4819,4033,622
4820,5048,3
4821,5031,3
4822,5029,3
4823,5032,3
4824,5033,4
4825,5031,2
4826,5030,3
4827,5030,3
4828,5037,3
4829,5037,3
4830,4058,580
4831,5050,3
4832,5034,2
4833,5029,3
4834,5047,3
4835,5037,4
4836,5034,3
4837,5031,2
4838,5033,2
4839,5024,3
4840,4034,603
4841,5040,3
4842,5029,2
4843,5030,2
4844,5027,3
4845,5043,3
4846,5034,2
4847,5029,3
4848,5028,2
4849,5028,3
4850,5032,2
4851,5034,3
4852,4029,586
4853,5144,3
4854,5038,2
4855,5025,3
4856,5026,2
4857,5026,3
4858,5033,2
4859,5028,3
4860,5031,3
4861,4026,600
4862,5034,3
4863,5046,4
4864,5027,3
4865,5031,2
4866,5027,2
4867,5034,3
4868,5032,2
4869,5029,3
4870,5023,2
4871,5029,3
4872,5028,2
4873,4044,588
4874,5077,2
4875,5030,3
4876,5034,2
4877,5031,3
4878,5028,4
4879,5026,2
4880,5370,4
4881,4032,351
4882,5030,19
4883,5032,3
4884,5028,5
4885,5025,3
4886,5032,3
4887,5029,3
4888,5038,2
4889,5026,2
4890,5026,2
4891,5026,3
4892,4043,617
4893,5029,2
4894,5044,3
4895,5031,2
4896,5026,3
4897,5028,3
4898,5034,3
4899,5032,2
4900,5028,2
4901,5029,2
4902,5035,3
4903,5028,3
4904,4044,580
4905,5033,3
4906,5030,2
4907,5030,2
4908,5029,3
4909,5029,2
4910,5028,3
4911,5035,3
4912,5031,3
4913,5032,3
4914,5029,3
4915,5048,3
4916,4029,590
4917,5029,2
4918,5027,3
4919,5031,2
4920,5028,3
4921,5025,3
4922,5027,3
4923,5032,3
4924,5028,3
4925,5047,2
4926,5025,2
4927,5034,2
4928,4025,607
4929,5037,3
4930,5031,2
4931,5031,2
4932,5031,3
4933,5028,3
4934,5043,8
4935,5032,3
4936,5027,4
4937,5030,3
4938,5037,3
4939,4026,611
4940,5040,2
4941,5032,2
4942,5043,2
4943,5030,3
4944,5032,2
4945,5025,2
4946,5025,3
4947,5035,3
4948,5026,3
4949,5039,3
4950,5025,2
4951,4047,575
4952,5026,3
4953,5025,2
4954,5028,2
4955,5033,2
4956,5027,3
4957,5032,3
4958,5034,3
4959,5039,4
4960,5028,2
4961,5048,3
4962,4028,647
4963,5040,3
4964,5029,4
4965,5036,3
4966,5034,3
4967,5034,3
4968,5034,3
4969,5032,2
4970,5040,3
4971,5030,3
4972,4050,603
4973,5037,3
4974,5030,3
4975,5050,3
4976,5035,4
4977,5035,3
4978,5031,4
4979,5029,4
4980,5029,3
4981,5037,4
4982,4031,606
4983,5035,3
4984,5037,3
4985,5030,3
4986,5030,2
4987,5053,3
4988,5028,3
4989,5035,5
4990,5036,3
4991,5034,3
4992,4035,628
4993,5037,3
4994,5037,3
4995,5029,3
4996,5029,2
4997,5032,2
4998,5037,2
4999,5036,3
5000,5041,3
5001,5043,3
5002,4031,610
5003,5035,3
5004,5035,3
5005,5037,3
5006,5031,4
5007,5040,3
5008,5032,3
5009,5037,3
5010,5051,3
5011,5034,3
5012,4041,616
5013,5030,3
5014,5036,3
5015,5032,3
5016,5031,4
5017,5030,3
5018,5037,3
5019,5031,3
5020,5040,3
5021,5060,3
5022,4048,575
5023,5037,3
5024,5034,4
5025,5023,3
5026,5050,4
5027,5024,3
5028,5026,3
5029,5027,4
5030,5029,3
5031,5027,4
5032,5038,3
5033,5024,3
5034,4032,586
5035,5038,5
5036,5025,4
5037,5030,2
5038,5029,3
5039,5028,3
5040,5027,3
5041,5032,3
5042,5032,3
5043,5045,2
5044,5025,3
5045,5031,2
5046,4029,607
5047,5037,2
5048,5029,3
5049,5031,2
5050,5035,3
5051,5026,4
5052,5027,3
5053,5031,3
5054,5028,3
5055,5047,3
5056,5030,3
5057,4032,620
5058,5036,14
5059,5029,2
5060,5029,5
5061,5029,3
5062,5030,3
5063,5034,3
5064,5035,3
5065,5026,3
5066,5032,2
5067,5025,2
5068,4041,589
5069,5048,4
5070,5025,2
5071,5045,2
5072,5027,2
5073,5035,3
5074,5037,5
5075,5041,3
5076,5028,2
5077,5030,4
5078,5037,3
5079,4025,602
5080,5033,3
5081,5034,3
5082,5039,3
5083,5030,3
5084,5040,2
5085,5030,3
5086,5033,3
5087,5030,3
5088,5041,3
5089,5031,2
5090,4027,598
5091,5042,2
5092,5027,2
5093,5028,6
5094,5032,2
5095,5033,2
5096,5040,3
5097,5025,4
5098,5036,4
5099,5027,2
5100,5038,2
5101,4026,618
5102,5042,3
5103,5033,3
5104,5037,5
5105,5036,3
5106,5034,3
5107,5027,3
5108,5036,4
5109,5029,3
5110,5030,2
5111,5037,2
5112,4035,586
5113,5035,4
5114,5032,2
5115,5030,4
5116,5031,3
5117,5047,2
5118,5031,3
5119,5030,3
5120,5028,3
5121,5030,3
5122,5035,3
5123,4031,615
5124,5036,3
5125,5027,2
5126,5034,3
5127,5029,2
5128,5028,3
5129,5027,3
5130,5025,3
5131,5033,3
5132,5028,3
5133,5032,2
5134,5025,2
5135,4034,605
5136,5033,2
5137,5024,3
5138,5031,3
5139,5032,3
5140,5052,3
5141,5028,2
5142,5100,4
5143,5027,3
5144,4033,611
5145,5036,2
5146,5037,3
5147,5027,3
5148,5034,2
5149,5027,2
5150,5050,2
5151,5026,2
5152,5034,3
5153,5024,3
5154,5041,2
5155,4027,637
5156,5036,2
5157,5023,2
5158,5025,2
5159,5032,2
5160,5028,3
5161,5031,4
5162,5034,3
5163,5032,3
5164,5029,3
5165,5048,2
5166,4023,613
5167,5039,2
5168,5034,3
5169,5048,3
5170,5027,2
5171,5032,2
5172,5031,2
5173,5031,3
5174,5030,3
5175,5031,3
5176,4033,633
5177,5035,4
5178,5369,3
5179,4030,549
5180,5040,7
5181,5027,3
5182,5033,3
5183,5030,2
5184,5049,3
5185,5026,3
5186,5036,3
5187,5028,2
5188,5034,3
5189,4048,615
5190,5061,3
5191,5037,2
5192,5029,3
5193,5025,3
5194,5033,2
5195,5026,2
5196,5031,3
5197,5029,3
5198,5034,3
5199,5029,2
5200,4035,616
5201,5051,3
5202,5027,3
5203,5031,2
5204,5029,3
5205,5047,3
5206,5027,4
5207,5030,2
5208,5038,3
5209,5034,3
5210,4029,635
5211,5051,2
5212,5027,3
5213,5034,2
5214,5035,2
5215,5029,2
5216,5030,3
5217,5029,3
5218,5036,2
5219,5028,3
5220,4043,613
5221,5030,4
5222,5040,3
5223,5029,3
5224,5031,3
5225,5029,3
5226,5033,3
5227,5027,3
5228,5031,2
5229,5031,2
5230,5028,4
5231,5031,5
5232,4058,574
5233,5035,3
5234,5031,3
5235,5026,3
5236,5030,3
5237,5031,2
5238,5037,2
5239,5052,3
5240,5030,3
5241,5028,3
5242,5029,2
5243,4037,595
5244,5037,2
5245,5031,2
5246,5029,2
5247,5030,3
5248,5024,3
5249,5032,3
5250,5025,3
5251,5036,4
5252,5026,3
5253,5037,3
5254,5030,2
5255,4032,594
5256,5058,2
5257,5032,3
5258,5029,3
5259,5031,3
5260,5030,2
5261,5031,3
5262,5029,2
5263,5028,4
5264,5026,3
5265,5044,2
5266,4033,613
5267,5054,2
5268,5031,3
5269,5030,3
5270,5055,4
5271,5027,3
5272,5028,3
5273,5031,5
5274,5037,3
5275,5027,3
5276,4038,600
5277,5034,3
5278,5031,3
5279,5028,2
5280,5031,4
5281,5034,6
5282,5042,4
5283,5055,3
5284,5034,2
5285,5034,2
5286,4029,645
5287,5034,3
5288,5034,5
5289,5033,2
5290,5041,3
5291,5032,3
5292,5031,2
5293,5031,5
5294,5034,3
5295,5025,3
5296,4051,595
5297,5038,2
5298,5038,3
5299,5027,3
5300,5040,2
5301,5026,3
5302,5033,3
5303,5029,3
5304,5033,3
5305,5038,3
5306,5038,5
5307,4040,582
5308,5032,3
5309,5028,8
5310,5031,5
5311,5039,4
5312,5039,4
5313,5033,2
5314,5029,2
5315,5051,2
5316,5027,4
5317,5031,2
5318,4029,595
5319,5039,3
5320,5050,3
5321,5027,3
5322,5031,2
5323,5025,4
5324,5031,2
5325,5028,2
5326,5036,3
5327,5031,3
5328,5032,2
5329,4036,614
5330,5048,3
5331,5035,3
5332,5025,2
5333,5032,3
5334,5030,2
5335,5049,3
5336,5032,4
5337,5039,4
5338,5031,3
5339,4033,611
5340,5060,7
5341,5039,5
5342,5046,3
5343,5038,2
5344,5034,3
5345,5029,3
5346,5038,2
5347,5028,2
5348,5035,3
5349,4032,588
5350,5041,4
5351,5038,3
5352,5030,3
5353,5031,3
5354,5033,4
5355,5034,3
5356,5031,3
5357,5040,4
5358,5029,2
5359,4054,600
5360,5041,3
5361,5027,3
5362,5033,4
5363,5033,3
5364,5032,3
5365,5041,3
5366,5043,4
5367,5036,12
5368,5025,2
5369,4030,620
5370,5042,3
5371,5040,2
5372,5033,3
5373,5060,4
5374,5045,3
5375,5029,4
5376,5046,3
5377,5032,2
5378,4033,607
5379,5059,4
5380,5038,2
5381,5036,3
5382,5031,3
5383,5040,3
5384,5031,3
5385,5031,3
5386,5029,3
5387,5033,3
5388,4032,623
5389,5033,4
5390,5030,7
5391,5035,3
5392,5033,2
5393,5033,3
5394,5044,2
5395,5031,12
5396,5038,3
5397,5028,5
5398,4034,618
5399,5065,4
5400,5032,3
5401,5032,3
5402,5036,3
5403,5046,3
5404,5026,4
5405,5035,3
5406,5030,2
5407,5035,5
5408,4036,580
5409,5054,3
5410,5065,3
5411,5029,5
5412,5034,2
5413,5035,2
5414,5029,7
5415,5065,3
5416,5024,3
5417,4058,580
5418,5038,3
5419,5033,3
5420,5027,4
5421,5038,3
5422,5029,2
5423,5032,3
5424,5025,2
5425,5027,3
5426,5031,6
5427,5038,3
5428,4032,620
5429,5046,3
5430,5031,2
5431,5053,2
5432,5026,2
5433,5033,3
5434,5035,2
5435,5028,3
5436,5037,3
5437,5032,3
5438,4036,614
5439,5051,18
5440,5039,4
5441,5031,6
5442,5031,2
5443,5034,3
5444,5029,2
5445,5030,4
5446,5027,4
5447,5038,2
5448,4030,609
5449,5032,4
5450,5035,2
5451,5026,3
5452,5048,3
5453,5030,4
5454,5027,4
5455,5027,2
5456,5034,3
5457,5029,3
5458,5031,3
5459,4028,626
5460,5039,3
5461,5025,2
5462,5034,5
5463,5032,4
5464,5027,3
5465,5032,3
5466,5028,2
5467,5035,3
5468,5026,2
5469,5031,3
5470,4027,621
5471,5040,3
5472,5030,2
5473,5029,2
5474,5031,2
5475,5035,4
5476,5034,4
5477,5029,2
5478,5037,4
5479,5034,3
5480,5030,3
5481,4031,596
5482,5059,3
5483,5032,2
5484,5035,3
5485,5030,3
5486,5037,5
5487,5036,3
5488,5028,3
5489,5030,6
5490,5051,3
5491,4026,615
5492,5049,3
5493,5035,5
5494,5030,3
5495,5033,2
5496,5037,2
5497,5036,3
5498,5025,3
5499,5052,4
5500,5036,4
5501,4030,610
5502,5047,3
5503,5032,4
5504,5032,2
5505,5046,4
5506,5035,4
5507,5041,3
5508,5035,3
5509,5043,3
5510,4033,622
5511,5041,22
5512,5109,2
5513,5053,5
5514,5046,6
5515,5048,3
5516,4035,647
5517,5045,2
5518,5033,3
5519,5048,3
5520,5030,4
5521,5034,3
5522,5029,4
5523,5045,4
5524,5041,3
5525,4042,598
5526,5044,3
5527,5032,3
5528,5055,4
5529,5039,5
5530,5051,4
5531,5039,3
5532,5045,3
5533,5033,2
5534,4031,608
5535,5058,3
5536,5058,3
5537,5029,3
5538,5033,3
5539,5033,3
5540,5035,4
5541,5044,2
5542,5039,3
5543,4033,600
5544,5073,4
5545,5039,3
5546,5044,3
5547,5035,3
5548,5035,3
5549,5033,3
5550,5034,3
5551,5034,3
5552,4039,613
5553,5057,4
5554,5029,3
5555,5052,4
5556,5036,4
5557,5038,2
5558,5034,2
5559,5045,7
5560,4064,608
5561,5034,3
5562,5030,6
5563,5034,3
5564,5035,2
5565,5034,3
5566,5034,3
5567,5028,3
5568,5028,3
5569,5028,4
5570,5026,3
5571,5039,3
5572,4031,589
5573,5030,4
5574,5035,4
5575,5031,3
5576,5035,8
5577,5047,4
5578,5031,4
5579,5036,4
5580,5033,3
5581,5049,3
5582,4033,602
5583,5040,4
5584,5040,2
5585,5030,3
5586,5029,2
5587,5028,3
5588,5027,5
5589,5045,4
5590,5043,2
5591,5043,4
5592,4031,604
5593,5036,3
5594,5033,3
5595,5029,2
5596,5046,3
5597,5027,3
5598,5034,3
5599,5027,3
5600,5035,3
5601,5029,4
5602,5040,4
5603,4034,597
5604,5046,3
5605,5029,2
5606,5038,4
5607,5034,3
5608,5062,3
5609,5035,2
5610,5031,3
5611,5029,3
5612,5034,3
5613,4032,602
5614,5049,3
5615,5034,11
5616,5050,3
5617,5030,5
5618,5034,7
5619,5034,3
5620,5034,3
5621,5034,3
5622,5030,3
5623,4030,598
5624,5038,2
5625,5030,3
5626,5048,3
5627,5028,3
5628,5033,2
5629,5034,3
5630,5038,4
5631,5057,3
5632,5046,5
5633,4035,577
5634,5038,2
5635,5033,3
5636,5029,2
5637,5033,3
5638,5031,2
5639,5032,3
5640,5032,2
5641,5030,2
5642,5030,3
5643,5045,3
5644,4038,680
5645,5059,3
5646,5032,5
5647,5030,4
5648,5031,3
5649,5030,3
5650,5033,2
5651,5029,3
5652,5034,4
5653,4023,605
5654,5048,3
5655,5035,3
5656,5034,3
5657,5028,2
5658,5037,3
5659,5032,4
5660,5035,3
5661,5028,3
5662,5050,3
5663,4032,602
5664,5035,3
5665,5032,3
5666,5032,3
5667,5032,3
5668,5025,3
5669,5035,11
5670,5035,3
5671,5028,5
5672,5032,3
5673,5027,4
5674,4035,617
5675,5055,3
5676,5030,3
5677,5032,3
5678,5033,3
5679,5037,3
5680,5026,4
5681,5036,2
5682,5032,3
5683,5033,3
5684,4029,632
5685,5038,3
5686,5033,3
5687,5028,3
5688,5044,3
5689,5032,2
5690,5035,4
5691,5032,2
5692,5030,2
5693,5029,3
5694,5037,3
5695,4034,584
5696,5053,4
5697,5033,3
5698,5033,3
5699,5033,2
5700,5032,3
5701,5030,2
5702,5032,3
5703,5024,3
5704,5048,4
5705,4032,628
5706,5032,2
5707,5035,2
5708,5027,3
5709,5046,4
5710,5028,3
5711,5029,4
5712,5029,3
5713,5036,3
5714,5032,3
5715,5039,3
5716,4027,604
5717,5037,2
5718,5031,3
5719,5035,2
5720,5029,3
5721,5037,3
5722,5026,2
5723,5032,2
5724,5026,3
5725,5039,2
5726,5026,4
5727,4040,607
5728,5047,3
5729,5030,3
5730,5042,3
5731,5029,3
5732,5029,2
5733,5028,3
5734,5029,2
5735,5030,4
5736,5039,2
5737,5036,2
5738,4025,628
5739,5048,4
5740,5030,3
5741,5036,3
5742,5028,3
5743,5052,3
5744,5032,2
5745,5031,3
5746,5032,2
5747,5035,3
5748,4029,611
5749,5038,3
5750,5039,4
5751,5043,3
5752,5037,4
5753,5029,3
5754,5029,4
5755,5030,3
5756,5037,3
5757,5037,4
5758,4048,592
5759,5033,3
5760,5032,3
5761,5028,3
5762,5032,2
5763,5029,3
5764,5051,3
5765,5033,3
5766,5033,3
5767,5030,3
5768,5031,3
5769,4027,618
5770,5029,4
5771,5033,3
5772,5031,4
5773,5039,3
5774,5028,2
5775,5031,3
5776,5035,3
5777,5034,3
5778,5028,3
5779,4053,635
5780,5061,4
5781,5032,7
5782,5030,3
5783,5032,2
5784,5027,3
5785,5032,3
5786,5030,6
5787,5037,3
5788,5026,3
5789,4027,605
5790,5040,14
5791,5040,4
5792,5047,2
5793,5028,3
5794,5043,3
5795,5032,3
5796,5038,2
5797,5028,3
5798,5039,2
5799,4031,601
5800,5058,3
5801,5029,2
5802,5029,4
5803,5031,3
5804,5036,3
5805,5030,2
5806,5032,2
5807,5029,4
5808,5036,3
5809,5035,3
5810,4064,552
5811,5040,4
5812,5051,2
5813,5035,3
5814,5026,3
5815,5031,3
5816,5031,3
5817,5034,2
5818,5045,3
5819,5024,3
5820,5030,3
5821,4028,619
5822,5027,3
5823,5028,6
5824,5031,3
5825,5038,4
5826,5039,3
5827,5036,3
5828,5030,4
5829,5038,3
5830,5031,3
5831,4047,624
5832,5054,6
5833,5038,15
5834,5047,7
5835,5072,3
5836,5031,3
5837,5033,2
5838,5033,3
5839,4048,579
5840,5041,3
5841,5040,4
5842,5028,4
5843,5054,3
5844,5033,6
5845,5053,4
5846,5040,3
5847,5030,4
5848,4034,614
5849,5033,3
5850,5033,3
5851,5030,4
5852,5036,5
5853,5047,5
5854,5048,5
5855,5047,2
5856,5037,3
5857,5032,3
5858,4034,588
5859,5038,4
5860,5041,3
5861,5056,4
5862,5054,3
5863,5034,4
5864,5046,3
5865,5029,3
5866,5041,3
5867,4032,600
5868,5039,2
5869,5033,4
5870,5029,4
5871,5043,3
5872,5032,3
5873,5036,2
5874,5028,16
5875,5034,3
5876,5028,5
5877,4037,606
5878,5032,3
5879,5033,3
5880,5030,3
5881,5036,2
5882,5032,3
5883,5063,3
5884,5035,3
5885,5037,2
5886,5030,2
5887,4049,607
5888,5036,3
5889,5036,3
5890,5045,2
5891,5029,3
5892,5037,2
5893,5029,4
5894,5035,3
5895,5032,3
5896,5031,3
5897,5034,3
5898,4037,587
5899,5034,2
5900,5044,3
5901,5033,3
5902,5041,3
5903,5028,4
5904,5048,4
5905,5035,5
5906,5050,3
5907,5032,3
5908,4036,580
5909,5032,2
5910,5034,3
5911,5028,3
5912,5034,2
5913,5023,3
5914,5032,3
5915,5032,2
5916,5034,4
5917,5035,3
5918,5045,2
5919,4028,621
5920,5029,11
5921,5035,3
5922,5031,3
5923,5033,3
5924,5039,2
5925,5027,3
5926,5035,3
5927,5028,3
5928,5039,3
5929,5029,3
5930,4054,573
5931,5039,3
5932,5038,3
5933,5030,2
5934,5029,3
5935,5027,3
5936,5035,2
5937,5028,6
5938,5039,3
5939,5034,2
5940,5038,3
5941,4032,602
5942,5026,3
5943,5038,2
5944,5028,4
5945,5047,3
5946,5031,3
5947,5032,4
5948,5028,4
5949,5030,3
5950,5030,2
5951,5039,4
5952,4036,612
5953,5037,3
5954,5031,2
5955,5044,3
5956,5036,2
5957,5031,3
5958,5031,3
5959,5033,3
5960,5036,2
5961,5028,2
5962,5028,4
5963,4031,595
5964,5038,2
5965,5029,2
5966,5051,3
5967,5035,3
5968,5034,3
5969,5034,3
5970,5029,2
5971,5029,3
5972,5035,2
5973,5029,3
5974,4037,585
5975,5038,3
5976,5028,2
5977,5043,2
5978,5026,2
5979,5032,3
5980,5033,3
5981,5025,2
5982,5032,4
5983,5028,3
5984,5035,2
5985,5026,4
5986,4074,562
5987,5033,3
5988,5029,3
5989,5034,3
5990,5036,3
5991,5031,3
5992,5026,3
5993,5034,2
5994,5036,7
5995,5033,4
5996,4039,625
5997,5058,2
5998,5032,3
5999,5031,3
6000,5027,4
6001,5033,4
6002,5031,2
6003,5032,3
6004,5033,3
6005,5034,3
6006,4034,629
6007,5034,4
6008,5041,3
6009,5028,3
6010,5031,2
6011,5031,3
6012,5028,3
6013,5032,3
6014,5034,3
6015,5049,2
6016,5029,4
6017,4027,592
6018,5035,15
6019,5033,3
6020,5029,5
6021,5031,3
6022,5030,2
6023,5025,3
6024,5032,3
6025,5028,4
6026,5033,3
6027,5029,4
6028,4049,611
6029,5042,6
6030,5029,4
6031,5033,3
6032,5031,3
6033,5037,2
6034,5033,13
6035,5036,3
6036,5026,5
6037,5030,3
6038,4032,624
6039,5037,3
6040,5031,3
6041,5030,3
6042,5032,3
6043,5029,3
6044,5037,2
6045,5026,2
6046,5033,3
6047,5032,2
6048,5052,3
6049,4027,628
6050,5036,3
6051,5035,3
6052,5031,2
6053,5055,3
6054,5029,2
6055,5035,2
6056,5029,3
6057,5039,3
6058,5027,4
6059,4031,607
6060,5047,3
6061,5040,3
6062,5032,3
6063,5027,3
6064,5035,2
6065,5029,2
6066,5033,3
6067,5039,3
6068,5030,3
6069,4032,609
6070,5061,3
6071,5026,3
6072,5028,3
6073,5031,3
6074,5031,3
6075,5033,3
6076,5027,2
6077,5029,3
6078,5030,2
6079,5051,2
6080,4028,603
6081,5035,3
6082,5028,3
6083,5044,2
6084,5031,3
6085,5031,2
6086,5032,3
6087,5035,3
6088,5030,3
6089,5036,3
6090,5028,2
6091,4034,640
6092,5046,2
6093,5033,7
6094,5035,3
6095,5031,2
6096,5027,3
6097,5034,3
6098,5031,3
6099,5032,3
6100,5033,3
6101,4029,594
6102,5042,3
6103,5058,3
6104,5033,3
6105,5028,2
6106,5025,2
6107,5033,3
6108,5033,3
6109,5035,3
6110,5034,3
6111,5036,4
6112,4031,585
6113,5049,3
6114,5029,3
6115,5029,3
6116,5035,3
6117,5032,3
6118,5035,3
6119,5024,2
6120,5030,3
6121,5031,4
6122,5025,3
6123,4409,246
6124,5047,3
6125,5030,2
6126,5027,4
6127,5029,3
6128,5029,4
6129,5033,3
6130,5030,2
6131,5033,3
6132,5030,3
6133,5048,2
6134,4030,593
6135,5042,2
6136,5036,3
6137,5035,3
6138,5030,4
6139,5049,4
6140,5032,3
6141,5030,3
6142,5032,3
6143,5035,3
6144,5030,3
6145,4033,590
6146,5044,4
6147,5034,3
6148,5033,3
6149,5034,3
6150,5028,3
6151,5031,2
6152,5035,2
6153,5037,2
6154,5029,3
6155,4048,610
6156,5039,2
6157,5028,3
6158,5040,3
6159,5030,3
6160,5045,2
6161,5030,3
6162,5030,2
6163,5033,4
6164,5037,3
6165,5027,3
6166,4033,598
6167,5040,3
6168,5041,3
6169,5028,3
6170,5030,4
6171,5031,2
6172,5032,3
6173,5029,2
6174,5033,3
6175,5028,2
6176,5030,2
6177,4031,625
6178,5041,2
6179,5030,4
6180,5036,3
6181,5046,2
6182,5029,2
6183,5027,4
6184,5031,2
6185,5031,2
6186,5030,3
6187,5034,3
6188,4032,614
6189,5030,2
6190,5028,6
6191,5032,3
6192,5033,3
6193,5031,3
6194,5038,3
6195,5027,2
6196,5035,3
6197,5023,4
6198,4052,632
6199,5034,2
6200,5034,2
6201,5036,3
6202,5026,2
6203,5035,3
6204,5046,2
6205,5030,3
6206,5040,3
6207,5028,2
6208,5029,3
6209,4028,601
6210,5033,3
6211,5027,3
6212,5032,3
6213,5032,3
6214,5036,4
6215,5044,3
6216,5029,4
6217,5034,4
6218,5029,2
6219,5044,3
6220,4030,603
6221,5064,3
6222,5024,2
6223,5068,3
6224,5032,3
6225,5053,3
6226,5030,3
6227,5030,3
6228,5031,4
6229,4033,609
6230,5084,3
6231,5032,3
6232,5033,3
6233,5031,2
6234,5038,2
6235,5028,3
6236,5029,3
6237,5030,4
6238,5031,3
6239,4033,606
6240,5060,7
6241,5061,2
6242,5030,3
6243,5032,3
6244,5028,2
6245,5031,2
6246,5035,3
6247,5027,3
6248,5030,3
6249,4025,600
6250,5050,3
6251,5044,3
6252,5026,2
6253,5035,3
6254,5029,3
6255,5035,2
6256,5031,3
6257,5034,3
6258,5027,3
6259,5031,3
6260,4027,599
6261,5057,4
6262,5035,2
6263,5048,3
6264,5028,3
6265,5043,2
6266,5033,2
6267,5032,3
6268,5024,3
6269,5029,3
6270,4029,622
6271,5047,5
6272,5043,3
6273,5028,3
6274,5036,3
6275,5024,3
6276,5028,2
6277,5028,4
6278,5042,2
6279,5028,2
6280,4034,619
6281,5046,3
6282,5027,3
6283,5040,3
6284,5026,2
6285,5032,3
6286,5027,3
6287,5028,3
6288,5036,3
6289,5035,3
6290,5033,3
6291,4027,616
6292,5035,2
6293,5041,3
6294,5026,2
6295,5030,2
6296,5034,2
6297,5027,3
6298,5037,3
6299,5029,3
6300,5028,3
6301,5033,2
6302,4046,604
6303,5039,3
6304,5048,2
6305,5030,3
6306,5029,3
6307,5026,3
6308,5029,3
6309,5027,3
6310,5033,2
6311,5032,3
6312,5034,3
6313,4025,625
6314,5044,2
6315,5048,3
6316,5030,2
6317,5033,3
6318,5031,2
6319,5033,3
6320,5028,2
6321,5029,3
6322,5025,3
6323,5034,3
6324,4027,593
6325,5067,2
6326,5033,4
6327,5036,3
6328,5028,3
6329,5033,3
6330,5026,3
6331,5025,3
6332,5025,3
6333,5032,2
6334,5028,3
6335,4045,614
6336,5074,2
6337,5028,7
6338,5031,3
6339,5026,3
6340,5031,2
6341,5029,3
6342,5029,3
6343,5036,3
6344,5034,2
6345,4047,592
6346,5036,3
6347,5050,2
6348,5028,3
6349,5036,5
6350,5044,3
6351,5032,3
6352,5110,3
6353,4030,611
6354,5047,9
6355,5046,3
6356,5039,3
6357,5026,4
6358,5055,3
6359,5031,3
6360,5036,11
6361,5030,2
6362,4032,619
6363,5084,3
6364,5031,3
6365,5031,3
6366,5030,3
6367,5026,3
6368,5031,3
6369,5024,3
6370,5035,3
6371,5033,2
6372,4040,600
6373,5036,4
6374,5041,3
6375,5028,3
6376,5028,3
6377,5032,3
6378,5029,4
6379,5034,3
6380,5030,3
6381,5032,2
6382,5030,3
6383,4047,601
6384,5040,4
6385,5038,3
6386,5044,3
6387,5028,2
6388,5030,2
6389,5028,2
6390,5031,3
6391,5029,2
6392,5032,2
6393,5028,3
6394,4035,622
6395,5053,2
6396,5033,4
6397,5040,3
6398,5030,3
6399,5030,3
6400,5032,3
6401,5023,3
6402,5034,2
6403,5028,3
6404,4039,617
6405,5060,4
6406,5026,3
6407,5031,3
6408,5029,2
6409,5030,2
6410,5032,3
6411,5030,4
6412,5027,3
6413,5032,3
6414,5029,3
6415,4048,608
6416,5062,4
6417,5030,3
6418,5030,3
6419,5027,3
6420,5057,4
6421,5034,2
6422,5035,2
6423,5032,3
6424,5030,4
6425,4028,597
6426,5035,4
6427,5042,3
6428,5027,2
6429,5051,4
6430,5034,3
6431,5037,3
6432,5032,3
6433,5033,3
6434,5032,3
6435,4039,615
6436,5028,3
6437,5044,3
6438,5028,3
6439,5027,3
6440,5024,3
6441,5030,4
6442,5023,3
6443,5033,2
6444,5032,2
6445,5034,3
6446,5022,4
6447,4046,592
6448,5041,5
6449,5066,2
6450,5029,4
6451,5039,4
6452,5028,2
6453,5032,3
6454,5029,3
6455,5031,2
6456,5028,2
6457,4031,619
6458,5028,3
6459,5041,3
6460,5042,2
6461,5024,3
6462,5030,3
6463,5032,3
6464,5030,2
6465,5031,3
6466,5035,3
6467,5028,3
6468,4033,609
6469,5039,3
6470,5034,3
6471,5055,3
6472,5025,4
6473,5034,4
6474,5031,3
6475,5032,4
6476,5040,3
6477,5027,3
6478,4031,610
6479,5039,3
6480,5057,5
6481,5041,3
6482,5039,2
6483,5030,2
6484,5033,3
6485,5025,2
6486,5032,2
6487,5030,2
6488,4033,616
6489,5036,3
6490,5037,2
6491,5040,2
6492,5033,3
6493,5026,3
6494,5031,2
6495,5026,2
6496,5033,3
6497,5036,4
6498,4056,636
6499,5039,3
6500,5037,4
6501,5037,4
6502,5040,3
6503,5027,4
6504,5050,4
6505,5039,3
6506,5037,3
6507,4032,620
6508,5029,3
6509,5055,4
6510,5038,3
6511,5037,3
6512,5032,4
6513,5040,3
6514,5032,4
6515,5054,4
6516,4031,620
6517,5048,3
6518,5031,4
6519,5035,4
6520,5031,3
6521,5032,2
6522,5031,3
6523,5033,3
6524,5045,2
6525,5026,4
6526,4035,616
6527,5033,3
6528,5034,3
6529,5030,3
6530,5063,3
6531,5029,11
6532,5044,2
6533,5026,2
6534,5031,3
6535,5032,3
6536,4044,604
6537,5036,3
6538,5028,4
6539,5055,3
6540,5029,4
6541,5047,3
6542,5031,2
6543,5030,3
6544,5025,4
6545,5030,4
6546,5033,3
6547,4034,589
6548,5036,4
6549,5036,3
6550,5028,4
6551,5049,3
6552,5035,3
6553,5047,3
6554,5037,2
6555,5034,3
6556,5036,3
6557,4036,589
6558,5045,2
6559,5034,3
6560,5031,3
6561,5028,4
6562,5031,3
6563,5028,3
6564,5031,3
6565,5030,3
6566,5048,3
6567,5027,3
6568,4037,606
6569,5031,2
6570,5027,3
6571,5032,3
6572,5034,4
6573,5045,2
6574,5029,3
6575,5039,2
6576,5025,4
6577,5032,3
6578,5033,3
6579,4033,595
6580,5036,2
6581,5035,3
6582,5026,3
6583,5066,5
6584,5035,3
6585,5035,4
6586,5032,3
6587,5034,2
6588,5030,3
6589,4033,613
6590,5042,3
6591,5025,3
6592,5031,5
6593,5029,3
6594,5048,3
6595,5028,3
6596,5029,3
6597,5029,2
6598,5036,3
6599,5036,3
6600,4032,595
6601,5035,2
6602,5044,4
6603,5036,3
6604,5032,3
6605,5034,2
6606,5031,2
6607,5026,3
6608,5036,3
6609,5029,3
6610,5034,3
6611,4031,612
6612,5033,3
6613,5029,4
6614,5030,3
6615,5034,3
6616,5036,3
6617,5030,2
6618,5024,3
6619,5041,4
6620,5033,3
6621,5053,3
6622,4034,588
6623,5041,2
6624,5028,2
6625,5049,4
6626,5030,4
6627,5036,3
6628,5029,3
6629,5033,3
6630,5027,2
6631,5033,3
6632,5034,3
6633,4032,594
6634,5034,2
6635,5048,3
6636,5032,2
6637,5030,3
6638,5032,5
6639,5034,2
6640,5025,3
6641,5031,2
6642,5027,3
6643,5037,4
6644,4035,600
6645,5049,3
6646,5025,2
6647,5027,4
6648,5031,3
6649,5037,4
6650,5032,3
6651,5034,3
6652,5029,3
6653,5035,3
6654,5031,2
6655,4050,587
6656,5052,7
6657,5033,3
6658,5055,4
6659,5029,4
6660,5045,3
6661,5028,4
6662,5031,2
6663,5027,3
6664,5034,3
6665,4026,612
6666,5041,4
6667,5028,3
6668,5041,3
6669,4846,38
6670,5038,3
6671,5034,6
6672,5037,2
6673,5034,3
6674,5034,3
6675,5033,3
6676,5029,3
6677,5035,3
6678,5031,4
6679,4044,608
6680,5040,3
6681,5029,3
6682,5055,3
6683,5034,3
6684,5042,3
6685,5041,4
6686,5031,2
6687,5035,4
6688,5028,3
6689,4034,598
6690,5038,3
6691,5216,3
6692,5031,5
6693,5048,3
6694,5031,4
6695,4045,578
6696,5041,2
6697,5032,3
6698,5059,2
6699,5031,3
6700,5031,3
6701,5029,3
6702,5037,3
6703,5030,3
6704,5036,3
6705,4027,621
6706,5045,2
6707,5034,3
6708,5031,3
6709,5033,4
6710,5031,4
6711,5051,2
6712,5039,3
6713,5029,3
6714,5029,2
6715,4025,627
6716,5032,3
6717,5033,3
6718,5026,3
6719,5037,3
6720,5029,3
6721,5042,3
6722,5035,3
6723,5029,3
6724,5040,2
6725,4042,630
6726,5028,3
6727,5031,2
6728,5028,3
6729,5032,4
6730,5032,3
6731,5028,4
6732,5043,2
6733,5032,4
6734,5032,3
6735,4055,616
6736,5046,3
6737,5031,3
6738,5033,3
6739,5029,3
6740,5036,3
6741,5028,3
6742,5043,3
6743,5027,2
6744,5038,3
6745,5027,3
6746,4043,596
6747,5034,3
6748,5036,2
6749,5050,2
6750,5045,4
6751,5042,5
6752,5041,3
6753,5030,3
6754,5038,3
6755,4032,627
6756,5038,3
6757,5062,3
6758,5034,3
6759,5031,3
6760,5030,3
6761,5034,6
6762,5028,4
6763,5036,5
6764,5042,3
6765,4036,589
6766,5035,3
6767,5036,3
6768,5051,3
6769,5027,2
6770,5032,4
6771,5038,4
6772,5040,3
6773,5031,3
6774,5034,3
6775,4024,644
6776,5038,3
6777,5033,2
6778,5034,3
6779,5026,3
6780,5035,4
6781,5031,3
6782,5041,4
6783,5027,4
6784,5038,3
6785,4031,615
6786,5038,2
6787,5028,6
6788,5031,3
6789,5035,4
6790,5026,3
6791,5035,3
6792,5027,20
6793,5036,3
6794,5030,3
6795,5026,3
6796,4026,608
6797,5035,4
6798,5025,3
6799,5037,2
6800,5033,3
6801,5029,3
6802,5031,3
6803,5027,3
6804,5032,3
6805,5034,3
6806,5031,3
6807,5025,2
6808,4031,609
6809,5033,3
6810,5036,5
6811,5044,4
6812,5041,3
6813,5023,3
6814,5026,2
6815,5029,4
6816,5042,4
6817,5029,3
6818,4030,622
6819,5026,3
6820,5028,2
6821,5031,3
6822,5026,3
6823,5037,3
6824,5030,2
6825,5031,3
6826,5027,2
6827,5036,3
6828,5030,3
6829,5034,3
6830,4031,593
6831,5032,2
6832,5029,3
6833,5037,2
6834,5032,3
6835,5036,2
6836,5027,3
6837,5027,3
6838,5030,3
6839,5083,4
6840,4031,609
6841,5056,4
6842,5030,3
6843,5031,3
6844,5022,3
6845,5033,2
6846,5033,2
6847,5033,3
6848,5031,4
6849,5039,3
6850,5030,3
6851,4049,598
6852,5029,3
6853,5037,3
6854,5063,3
6855,5028,3
6856,5028,3
6857,5029,4
6858,5040,3
6859,5037,4
6860,5039,3
6861,4036,590
6862,5048,2
6863,5034,3
6864,5027,3
6865,5032,3
6866,5035,4
6867,5038,4
6868,5042,3
6869,5033,4
6870,5062,3
6871,4026,614
6872,5041,3
6873,5041,3
6874,5027,4
6875,5054,3
6876,5036,3
6877,5029,4
6878,5036,4
6879,5034,4
6880,4037,637
6881,5029,4
6882,5055,3
6883,5037,2
6884,5035,3
6885,5028,3
6886,5045,3
6887,5033,3
6888,5047,5
6889,4033,607
6890,5042,3
6891,5034,2
6892,5038,3
6893,5027,4
6894,5037,4
6895,5028,4
6896,5031,2
6897,5034,3
6898,5034,3
6899,5034,3
6900,4032,610
6901,5032,2
6902,5046,3
6903,5031,4
6904,5032,4
6905,5043,3
6906,5039,3
6907,5036,3
6908,5033,4
6909,5040,4
6910,4028,588
6911,5039,2
6912,5031,5
6913,5026,4
6914,5035,4
6915,5034,4
6916,5038,2
6917,5030,4
6918,5032,3
6919,5031,3
6920,5041,4
6921,4034,594
6922,5074,3
6923,5028,3
6924,5034,3
6925,5033,5
6926,5036,3
6927,5031,3
6928,5038,3
6929,5032,3
6930,5043,4
6931,4035,608
6932,5051,4
6933,5041,2
6934,5030,3
6935,5030,2
6936,5035,2
6937,5036,2
6938,5034,3
6939,5029,2
6940,5029,4
6941,4042,605
6942,5038,4
6943,5064,3
6944,5032,3
6945,5036,3
6946,5033,3
6947,5030,2
6948,5033,3
6949,5028,5
6950,5036,3
6951,4041,577
6952,5034,3
6953,5038,4
6954,5035,3
6955,5032,3
6956,5029,3
6957,5059,2
6958,5028,3
6959,5033,2
6960,5029,3
6961,4042,626
6962,5037,3
6963,5041,2
6964,5029,3
6965,5031,3
6966,5030,2
6967,5039,4
6968,5033,2
6969,5035,2
6970,5030,3
6971,5029,3
6972,4040,600
6973,5046,4
6974,5035,4
6975,5033,4
6976,5044,3
6977,5028,2
6978,5040,3
6979,5030,20
6980,5025,4
6981,4041,628
6982,5045,3
6983,5032,3
6984,5054,4
6985,5038,4
6986,5038,2
6987,5032,3
6988,5034,4
6989,5029,3
6990,5033,3
6991,4033,597
6992,5076,3
6993,5028,3
6994,5031,2
6995,5031,3
6996,5035,3
6997,5032,3
6998,5038,3
6999,5030,3
7000,5031,3
7001,4025,601
7002,5035,6
7003,5029,3
7004,5034,3
7005,5033,3
7006,5034,4
7007,5032,2
7008,5031,2
7009,5025,4
7010,5027,3
7011,5037,3
7012,4033,630
7013,5036,3
7014,5029,3
7015,5037,2
7016,5035,3
7017,5028,3
7018,5037,4
7019,5031,2
7020,5036,3
7021,5029,3
7022,4050,610
7023,5042,6
7024,5033,3
7025,5036,2
7026,5030,2
7027,5036,3
7028,5045,3
7029,5031,2
7030,5029,3
7031,5031,3
7032,5032,3
7033,4038,583
7034,5062,4
7035,5051,4
7036,5030,3
7037,5045,3
7038,5033,3
7039,5029,3
7040,5047,2
7041,5040,3
7042,4032,614
7043,5033,3
7044,5031,3
7045,5039,3
7046,5034,2
7047,5036,2
7048,5029,3
7049,5031,3
7050,5033,3
7051,5028,2
7052,5035,3
7053,4029,606
7054,5047,3
7055,5030,4
7056,5039,3
7057,5036,3
7058,5036,3
7059,5035,3
7060,5029,3
7061,5032,3
7062,5033,3
7063,4049,600
7064,5037,5
7065,5036,3
7066,5038,3
7067,5025,4
7068,5032,2
7069,5034,2
7070,5043,3
7071,5025,11
7072,5033,3
7073,5030,5
7074,4034,588
7075,5033,4
7076,5037,3
7077,5028,3
7078,5034,2
7079,5030,2
7080,5039,2
7081,5033,3
7082,5033,2
7083,5025,3
7084,5058,3
7085,4029,587
7086,5031,3
7087,5052,4
7088,5029,3
7089,5030,4
7090,5031,3
7091,5037,3
7092,5035,2
7093,5032,3
7094,5031,3
7095,5046,3
7096,4026,592
7097,5042,4
7098,5030,2
7099,5049,3
7100,5028,3
7101,5035,3
7102,5034,2
7103,5031,3
7104,5030,3
7105,5033,3
7106,5030,3
7107,4035,608
7108,5030,3
7109,5038,3
7110,5032,3
7111,5053,4
7112,5040,3
7113,5043,3
7114,5032,3
7115,5031,3
7116,5029,3
7117,4033,591
7118,5037,3
7119,5033,7
7120,5031,3
7121,5032,3
7122,5030,2
7123,5032,4
7124,5034,2
7125,5037,3
7126,5028,3
7127,5024,3
7128,4028,640
7129,5039,4
7130,5034,3
7131,5032,3
7132,5035,3
7133,5033,3
7134,5046,2
7135,5034,2
7136,5033,2
7137,5032,2
7138,4047,587
7139,5036,3
7140,5033,3
7141,5045,3
7142,5029,3
7143,5037,3
7144,5037,4
7145,5041,5
7146,5042,3
7147,5027,3
7148,4037,599
7149,5042,3
7150,5037,3
7151,5035,3
7152,5028,3
7153,5032,3
7154,5034,5
7155,5041,4
7156,5036,3
7157,5033,3
7158,4035,635
7159,5035,4
7160,5051,5
7161,5034,2
7162,5043,3
7163,5030,3
7164,5051,3
7165,5034,3
7166,5032,3
7167,4029,620
7168,5029,4
7169,5035,4
7170,5038,4
7171,5046,4
7172,5032,2
7173,5033,3
7174,5033,3
7175,5032,2
7176,5051,2
7177,4026,615
7178,5041,3
7179,5032,4
7180,5044,3
7181,5029,2
7182,5031,4
7183,5033,4
7184,5037,2
7185,5033,3
7186,5033,3
7187,5032,3
7188,4028,601
7189,5033,3
7190,5039,3
7191,5056,3
7192,5036,3
7193,5029,3
7194,5031,3
7195,5033,3
7196,5030,2
7197,5037,3
7198,4024,612
7199,5042,4
7200,5029,3
7201,5052,3
7202,5037,4
7203,5035,5
7204,5035,3
7205,5038,3
7206,5028,4
7207,5029,3
7208,4032,605
7209,5047,3
7210,5035,3
7211,5033,2
7212,5026,3
7213,5049,3
7214,5030,2
7215,5034,2
7216,5029,5
7217,5028,3
7218,5029,3
7219,4032,593
7220,5052,152
7221,5032,3
7222,5030,3
7223,5030,3
7224,5027,3
7225,5031,2
7226,4040,603
7227,5053,5
7228,5036,3
7229,5029,3
7230,5037,3
7231,5033,3
7232,5036,3
7233,5038,3
7234,5027,4
7235,5031,3
7236,4027,614
7237,5050,4
7238,5041,3
7239,5031,2
7240,5034,3
7241,5030,3
7242,5036,2
7243,5027,9
7244,5042,3
7245,5035,3
7246,4036,599
7247,5033,2
7248,5039,3
7249,5029,6
7250,5030,2
7251,5031,3
7252,5034,3
7253,5030,3
7254,5031,3
7255,5047,3
7256,5029,3
7257,4031,614
7258,5050,3
7259,5051,3
7260,5035,2
7261,5036,7
7262,5041,2
7263,5035,4
7264,5032,3
7265,5037,3
7266,4039,602
7267,5042,3
7268,5030,4
7269,5033,3
7270,5031,2
7271,5047,3
7272,5027,3
7273,5032,3
7274,5030,3
7275,5038,3
7276,5026,2
7277,4035,615
7278,5037,3
7279,5032,3
7280,5052,3
7281,5027,3
7282,5030,3
7283,5026,3
7284,5035,3
7285,5031,2
7286,5031,2
7287,5025,2
7288,4035,590
7289,5039,4
7290,5034,3
7291,5041,3
7292,5026,4
7293,5051,3
7294,5032,2
7295,5032,3
7296,5028,2
7297,5035,3
7298,5026,3
7299,4032,597
7300,5030,3
7301,5032,3
7302,5033,5
7303,5066,3
7304,5033,4
7305,5035,2
7306,5028,3
7307,5032,2
7308,5032,3
7309,4029,615
7310,5042,2
7311,5033,3
7312,5034,3
7313,5049,2
7314,5032,2
7315,5033,3
7316,5030,3
7317,5032,2
7318,5028,3
7319,5032,3
7320,4027,604
7321,5036,3
7322,5028,3
7323,5036,4
7324,5033,4
7325,5037,3
7326,5030,3
7327,5027,4
7328,5037,4
7329,5037,2
7330,5031,3
7331,4036,593
7332,5030,3
7333,5035,2
7334,5025,3
7335,5031,2
7336,5037,3
7337,5032,3
7338,5031,3
7339,5029,4
7340,5031,2
7341,5034,2
7342,4036,631
7343,5030,3
7344,5026,3
7345,5064,3
7346,5029,3
7347,5031,3
7348,5031,4
7349,5039,3
7350,5032,3
7351,5030,2
7352,4028,614
7353,5035,4
7354,5034,3
7355,5030,3
7356,5038,2
7357,5026,2
7358,5049,3
7359,5027,3
7360,5030,2
7361,5027,3
7362,5038,3
7363,4025,613
7364,5042,4
7365,5027,3
7366,5033,3
7367,5036,3
7368,5033,3
7369,5039,2
7370,5031,3
7371,5031,3
7372,5028,3
7373,5035,4
7374,4033,605
7375,5038,4
7376,5040,3
7377,5031,3
7378,5050,2
7379,5029,3
7380,5030,3
7381,5029,3
7382,5033,3
7383,5030,2
7384,5032,3
7385,4030,595
7386,5032,3
7387,5031,3
7388,5030,3
7389,5047,3
7390,5030,4
7391,5034,2
7392,5024,3
7393,5036,2
7394,5036,2
7395,5033,3
7396,4031,600
7397,5035,3
7398,5033,3
7399,5029,3
7400,5033,3
7401,5053,3
7402,5029,3
7403,5035,3
7404,5028,3
7405,5031,3
7406,5028,3
7407,4033,597
7408,5035,3
7409,5029,3
7410,5031,4
7411,5037,4
7412,5041,18
7413,5040,3
7414,5029,5
7415,5039,4
7416,5032,3
7417,4028,608
7418,5048,4
7419,5036,7
7420,5031,5
7421,5045,4
7422,5034,4
7423,5038,4
7424,5044,3
7425,5029,3
7426,5031,3
7427,4029,603
7428,5033,3
7429,5030,3
7430,5030,3
7431,5037,2
7432,5032,3
7433,5036,2
7434,5032,3
7435,5025,2
7436,5034,3
7437,5036,3
7438,4028,624
7439,5033,3
7440,5033,3
7441,5029,3
7442,5036,3
7443,5033,3
7444,5049,3
7445,5034,2
7446,5031,3
7447,5034,3
7448,4036,613
7449,5037,3
7450,5036,3
7451,5030,2
